https://www.evernote.com/shard/s21/nl/2425275/43d53c8e-4781-416d-982b-03932f575d29 , 3Blue1Brown , 数学动画演示系列
https://www.evernote.com/shard/s21/nl/2425275/6d377b60-c5eb-45d1-a18b-68e61b756df7 , 58TongCheng , 58 同城 App
https://www.evernote.com/shard/s21/nl/2425275/37b1b53a-c443-48a2-9aec-60cfe0b6ca9c , 880GM , [880GM] 2011 AMD 台式机
https://www.evernote.com/shard/s21/nl/2425275/e84984e1-0f3a-4030-aaac-3243ba61ee73 , A320BK , 群升公寓的备份机 , 机器实例
https://www.evernote.com/shard/s21/nl/2425275/1a797ae3-c03f-4fe5-bcf0-d6cb3c09e10d , A6500K , 2005 年买的 ASUS 单核笔记本电脑
https://www.evernote.com/shard/s21/nl/2425275/98761ee8-a18f-4367-bb39-3fd31567d8e0 , AARDIO , 国产脚本语言兼Windows开发平台
https://www.evernote.com/shard/s21/nl/2425275/cfc1b30e-9ea2-43da-8d11-163f37a1ef8f , AboutIQ , 智商表现的哪些方面
https://www.evernote.com/shard/s21/nl/2425275/d399995c-707f-4dc6-8c81-1c11d3d9fdfc , AbRetAddr , 汇编语言术语: Foo's return address 歧义收集
https://www.evernote.com/shard/s21/nl/2425275/537afc56-a58a-40fc-8206-8e935a13d71d , AccessMaster , 
https://www.evernote.com/shard/s21/nl/2425275/2c903369-2c41-4d7c-b2d6-6ebbb10aaec3 , AcerR7 , 机器实例
https://www.evernote.com/shard/s21/nl/2425275/bf36384f-d719-4ff6-9f7a-2aef11ce6be2 , AcerX1E , 2024 Acer ARM64 CPU 笔记本电脑
https://www.evernote.com/shard/s21/nl/2425275/61e10d90-bd11-42e2-8e32-d79f142a10e1 , ADExplorer , Sysinternal 提供的 WindowsAD 信息查看器
https://www.evernote.com/shard/s21/nl/2425275/f230dda1-3e10-4abb-80c3-a649c400772b , ADServ03 , 我的 Win2003 干净域控机 VM
https://www.evernote.com/shard/s21/nl/2425275/0953e36a-32c0-404b-aa01-f0cdbd3e4200 , AHKv2 , Autohotkey v2
https://www.evernote.com/shard/s21/nl/2425275/ecb69f97-8203-4b24-a3ec-f537557558ed , AI_Math , 问 AI 的数学问题
https://www.evernote.com/shard/s21/nl/2425275/ee33a56c-3a14-45bf-a42e-f7b0b765e453 , AIDA64 , PC 硬件检测工具
https://www.evernote.com/shard/s21/nl/2425275/52841283-8f33-46f6-b9ea-98f3ebf8229c , AIDrawSamp , AI 绘图案例收集
https://www.evernote.com/shard/s21/nl/2425275/99e95ea2-91f9-44b8-866b-1aef69c84db8 , AIDraw , [AIDraw] AI 绘图
https://www.evernote.com/shard/s21/nl/2425275/a9730894-fec2-4437-9309-383e6dceffe1 , AlienWords , 品味一些外来词/英语翻译
https://www.evernote.com/shard/s21/nl/2425275/5cfb0da8-4f25-4300-9749-fa1c196c9ad3 , AMBIG , 歧义收集帖
https://www.evernote.com/shard/s21/nl/2425275/0b5b54e4-a386-46cc-ac0e-b242cc592c5e , Amd990Fx , 一台实验用 PC, 四核 AMD 羿龙
https://www.evernote.com/shard/s21/nl/2425275/6a9fedc2-25ca-4df1-987b-96381b14e3f5 , AmDbg , AmHotkey 设计的调试信息控制框架
https://www.evernote.com/shard/s21/nl/2425275/d5771d04-29e7-4b23-a4ee-7403a7bb48f6 , AmHotkey , 自创 AutoHotkey 功能
https://www.evernote.com/shard/s21/nl/2425275/b07c79b7-d458-40a9-96cd-60f7d986fe12 , AmTemplates , AmHotkey 新模块, 从模板目录展开成(拷贝出)新目录
https://www.evernote.com/shard/s21/nl/2425275/9bcd4c1c-b543-4ea9-8374-220a46ed7475 , AmTrimPath , 文件系统路径修剪小程序, 增删引号, 正反斜杠转化
https://www.evernote.com/shard/s21/nl/2425275/a90cdaa2-107e-41f9-bd22-4093638e98b2 , AnimalExps , 收集: 意味深长的动物实验
https://www.evernote.com/shard/s21/nl/2425275/4d0e88b8-43e8-4887-8c3d-7cb80735d20b , Apache2 , http server
https://www.evernote.com/shard/s21/nl/2425275/ec194f0c-fbba-4abf-94a0-70beb26767c9 , APIANNO , API Annotation
https://www.evernote.com/shard/s21/nl/2425275/3d64c2fd-3764-46fa-8656-06659ae437e5 , ArabLang , 阿拉伯语，收集帖
https://www.evernote.com/shard/s21/nl/2425275/330798ff-ec85-47d9-bac8-bbb33cedaa84 , ArguParm , 澄清误解, 函数的参数列表, 有时被叫作 arguments, 有时被叫作 parameters
https://www.evernote.com/shard/s21/nl/2425275/111e84fd-853c-4219-92d4-5b2fc2d09e2d , ASUS-GT710 , 孱弱 2GB 显存显卡 Compute Capability 3.5
https://www.evernote.com/shard/s21/nl/2425275/5633b767-f13c-4318-8d8b-fcaf74ff9b73 , ASUS-RTX3050 , 
https://www.evernote.com/shard/s21/nl/2425275/60b69988-33e6-46f7-8161-7f9da2f68591 , AsusB550M , 华硕 B550M-Plus Wifi 主板
https://www.evernote.com/shard/s21/nl/2425275/eb29b123-c535-4a11-8758-33e103c4c66c , AtiDriver , AMD/ATI 显卡驱动程序, 主题帖
https://www.evernote.com/shard/s21/nl/2425275/1be71c23-a845-4966-ade2-440341da4145 , AuthenticateWTF , Authenticate 各种提法 案例收集
https://www.evernote.com/shard/s21/nl/2425275/47874f88-fdcf-4eca-84fe-2cb0ef05a4a0 , Autohotkey , Hotkey scripting language for Windows OS
https://www.evernote.com/shard/s21/nl/2425275/d3564f13-42f5-43b1-85d6-42e3a5003878 , BadNamings , 糟糕的技术取名案例
https://www.evernote.com/shard/s21/nl/2425275/2e652fef-61f0-4bdf-9528-78cc454284f8 , Bandicam , 韩国公司开发屏幕录像软件
https://www.evernote.com/shard/s21/nl/2425275/b49be72e-4bbe-4949-b95b-a777b7ed23a0 , BATCMD , Windows batch script
https://www.evernote.com/shard/s21/nl/2425275/06850a7b-6913-453f-b8aa-c2ae03e3aaf4 , BAZEL , 谷歌新创的 C++/Java 构建工具
https://www.evernote.com/shard/s21/nl/2425275/f0b08ed8-2c20-4435-b6ee-9b490c092fa3 , BCompare , Beyond Compare 文件比较软件
https://www.evernote.com/shard/s21/nl/2425275/58e26dfd-1741-4cb4-bff7-a92112cfd04d , BCut , Bilibili 官方视频剪辑客户端
https://www.evernote.com/shard/s21/nl/2425275/b8c1ecc6-6f6f-4d14-adf1-6d57b63981c7 , BeginDx11 , Beginning DirectX 11 Game Programming (2011)
https://www.evernote.com/shard/s21/nl/2425275/72f5d588-306c-441d-a5da-b5b1e7e2527e , BenchScan , 我自制的实体书扫描装置, 用于制作电子书
https://www.evernote.com/shard/s21/nl/2425275/2cf1d0ae-03a5-460b-b7a0-c46f19489b62 , BESTPRAC , 最佳实践收集
https://www.evernote.com/shard/s21/nl/2425275/d24ac41a-969d-4e74-a26d-1092674e4c1a , Bilibili , 哔哩哔哩视频分享网站
https://www.evernote.com/shard/s21/nl/2425275/d2fab750-5057-4351-9ec9-a0e75f5be8fa , BitLocker , Windows 自带磁盘加密功能
https://www.evernote.com/shard/s21/nl/2425275/d999941d-d965-4f11-9faf-6b743d78f818 , BlueTooth , 蓝牙 收集帖/主题帖
https://www.evernote.com/shard/s21/nl/2425275/e263d139-bdc7-48de-b414-5dbef0c876e1 , BookNoting , 读书笔记模式备忘
https://www.evernote.com/shard/s21/nl/2425275/6a06a3d1-d5f4-4af9-98f3-12ed3daff442 , BOOTMGR , Vista+ Boot manager
https://www.evernote.com/shard/s21/nl/2425275/d6242fe6-13c8-44ed-adae-72896386a58b , BoundsChecker , DevPartner 除错套件
https://www.evernote.com/shard/s21/nl/2425275/eeb1f9c1-9cbc-4b5a-a202-278c473f9896 , BPFTools2019 , BPF Performance Tools - by Brendan Gregg 读书笔记
https://www.evernote.com/shard/s21/nl/2425275/48e8fa5b-34fc-4fd3-bed6-0995388489f2 , BPSSL , Bulletproof SSL and TLS (2017) 读书笔记
https://www.evernote.com/shard/s21/nl/2425275/9d0a4615-cafe-4764-89fd-10406db113bf , BSOD , Windows 蓝屏收集
https://www.evernote.com/shard/s21/nl/2425275/3dbd1e3b-fac2-40d0-beed-dd7122cfd617 , C99spec , C language spece 1999
https://www.evernote.com/shard/s21/nl/2425275/d6877baa-7257-4351-9885-bd7332299845 , Calibre , 超强电子书转换器
https://www.evernote.com/shard/s21/nl/2425275/ade2d8f1-be74-43bc-895a-6781fe05565c , CCxx , C/C++
https://www.evernote.com/shard/s21/nl/2425275/2c79ba4a-cfc1-447c-9ae3-968b7a615883 , CEnsureClnup , PSSA2000 中介绍的自动资源释放 C++ 模板库
https://www.evernote.com/shard/s21/nl/2425275/3055737c-09a9-471c-b81d-319103b1234f , CH2017 , 极客时间: 陈皓, 左耳听风软件漫谈119讲
https://www.evernote.com/shard/s21/nl/2425275/ee75bea7-cfbf-410a-b7dc-fa46b398e7f6 , ChatGLM , 智谱清言
https://www.evernote.com/shard/s21/nl/2425275/eec11882-d78a-4c41-8609-6bb6ff3d690e , ChatGPTd , ChatGPT 等, AI 对话具体案例
https://www.evernote.com/shard/s21/nl/2425275/c3887965-fd2c-4432-8c1b-44732ae2300b , ChatGPT , 
https://www.evernote.com/shard/s21/nl/2425275/f3d521de-7a3e-4cbf-a645-74b25e28f718 , ChenHaihan , 陈海涵 Memo
https://www.evernote.com/shard/s21/nl/2425275/25dcacb1-e22d-4cb3-9f9c-205d28458c28 , CHIMPL , C-header implementation library code style
https://www.evernote.com/shard/s21/nl/2425275/9fa2e4fb-2e07-41b5-bd2a-49c824ace56a , chja20WinCrash , chja20 硬件稳定后, 异常死机记录
https://www.evernote.com/shard/s21/nl/2425275/61d348e1-8ab7-4bec-93f4-48e248d89a6c , chja20 , 我的 3950X 台式机 , 机器实例
https://www.evernote.com/shard/s21/nl/2425275/2ae180b6-5406-409a-a38d-debc58702270 , chjhotkey , 各软件常用热键备忘
https://www.evernote.com/shard/s21/nl/2425275/e6f8bb67-de35-4bf8-829e-945c41415c45 , chji4770 , 历史台式机 ASUS Z87 + Intel i7-4770K
https://www.evernote.com/shard/s21/nl/2425275/88cfed75-0a2f-4ca4-91a8-06c0fa23bc73 , chjov , 2022.08 Oracle 免费 VPS
https://www.evernote.com/shard/s21/nl/2425275/1d27d924-cef0-4f47-93dd-d55a0dcf52cd , ChjX570G , [ChjX570G] 2023.11 意外拼凑出的一台 PC 实验机(粉红机箱)
https://www.evernote.com/shard/s21/nl/2425275/1d27d924-cef0-4f47-93dd-d55a0dcf52cd , ChjX570N , 2024.09~ 用来尝试 AI 软件的实验机
https://www.evernote.com/shard/s21/nl/2425275/eaf1a9a3-d7df-4995-b6d3-6b09431b5c59 , chjys2 , 第二台亿速云 VPS, 管理日常与备忘主题帖
https://www.evernote.com/shard/s21/nl/2425275/8bd7b0eb-48ae-4b8a-9ee8-0c5e4ec98ad7 , ChmEditor , GridinSoft ChmEditor
https://www.evernote.com/shard/s21/nl/2425275/aad80337-7da3-4a40-82cf-dac78643e3b8 , ChmFAR , Helpware FAR, chm editor
https://www.evernote.com/shard/s21/nl/2425275/7285c377-f466-4868-869f-6a0264a0950d , CHNSI_cal , 养老金测算, 收集帖
https://www.evernote.com/shard/s21/nl/2425275/a75cc53b-c843-4f8d-8104-07d3fd178b80 , CHNSI_EB , 国家医保服务平台 App
https://www.evernote.com/shard/s21/nl/2425275/7f3ca9a9-7d21-426f-b1d0-e53fb6d0107d , CHNSI , 社保收集帖
https://www.evernote.com/shard/s21/nl/2425275/5582e0c7-6d7c-4e8b-90bd-7b6c1f91ca2b , Chrome , [Chrome] Chrome Web Browser 收集备忘
https://www.evernote.com/shard/s21/nl/2425275/30c8fdec-ef7a-44cc-a36f-3bd2ea07887e , ChunkHelper , 简单的 class 消除头脑内耗
https://www.evernote.com/shard/s21/nl/2425275/afc7f5ff-5f40-4bd9-9685-18dc88a24214 , CLang , [CLang] CLang 编译器 主题帖
https://www.evernote.com/shard/s21/nl/2425275/80a8f088-fe4e-413d-89f1-cc15f7a93258 , ClockBar , AmHotkey 模块: 在屏幕上持久显示一个时钟浮窗
https://www.evernote.com/shard/s21/nl/2425275/8c6bd69f-97ca-4997-88c7-31e914074418 , CMake , 
https://www.evernote.com/shard/s21/nl/2425275/a65b50f2-6f89-4b17-bf11-5a526f9b91db , CMDFONT , CMD 字体话题
https://www.evernote.com/shard/s21/nl/2425275/af7b03f2-422c-4b00-bf45-eafb0b4807e7 , CMDXPARAM , Windows 系统: 三种参数拆解方法, 会得到不同的结果
https://www.evernote.com/shard/s21/nl/2425275/c486c34f-9009-4979-bae1-ede28b823c68 , CodeColor , 关于代码着色
https://www.evernote.com/shard/s21/nl/2425275/7249b299-a426-48c0-8a56-e5d2e977b039 , CodeQL , WHQL HLK 过程 用到的源代码静态分析软件
https://www.evernote.com/shard/s21/nl/2425275/431cba60-f0b4-4223-9c05-b9c623425c25 , CodeSnip , 收集: 有用的函数库/代码片段
https://www.evernote.com/shard/s21/nl/2425275/8a6d657f-763b-4399-b92b-dea166277259 , ComCtlv6 , comctl32 v6 (Common Control) 收集帖
https://www.evernote.com/shard/s21/nl/2425275/befcb4c8-2c2c-49e7-b4c2-9b3abe02a6c4 , ComfyUI , 先进的 Stable Diffusion backend UI
https://www.evernote.com/shard/s21/nl/2425275/4d921755-9917-4da4-b884-da7aa12f2e57 , CompAlgorithm , 计算机算法, Algorithm
https://www.evernote.com/shard/s21/nl/2425275/7bc00923-4b65-41f4-8f6f-02d47a890720 , ConEmu , 
https://www.evernote.com/shard/s21/nl/2425275/4c473184-2eaa-41df-be37-4495a711f796 , Confluence , Atlassian 的知识库平台软件
https://www.evernote.com/shard/s21/nl/2425275/e00cbd1d-f6a6-4b5f-8660-5b80c22056ed , ConscpLab , 
https://www.evernote.com/shard/s21/nl/2425275/74e606d4-ab69-42d8-a594-9789d7f1509b , ContraWorld , 矛盾与辩证
https://www.evernote.com/shard/s21/nl/2425275/98fa3fbd-35e3-4b66-a40e-f27706946055 , copybadfile.py , 坏块文件拷贝工具 用来对付伤残的 SSD
https://www.evernote.com/shard/s21/nl/2425275/68f18a8e-d3af-47d4-8a24-69579b8d02fe , CORPUP , 开办公司
https://www.evernote.com/shard/s21/nl/2425275/17477d34-06b9-4e0a-a05e-3024ce98b4b0 , CPDmacros , 收集: C++ 编译器内置预处理宏
https://www.evernote.com/shard/s21/nl/2425275/f110a571-167c-4681-ba42-b972208d9879 , CppUACSelfElevation , 演示有关 RunAsAdmin 的编程操作
https://www.evernote.com/shard/s21/nl/2425275/b811231e-0342-4628-b09e-5d0bdc52058a , cpuhog , 单纯消耗 CPU 的简单程序 用于测试目的
https://www.evernote.com/shard/s21/nl/2425275/8ffd6c2f-a7e3-40bb-9f1f-c761b6da2045 , CreateFile , 收集: 自写的用到 CreateFile 的测试程序
https://www.evernote.com/shard/s21/nl/2425275/e3f3596b-3e28-4154-a147-ca464a629c7d , CrossPlatform , 跨平台软件/收集帖
https://www.evernote.com/shard/s21/nl/2425275/a42d019c-f47d-493c-9fbe-b64b206b75ef , CRTLocale , 
https://www.evernote.com/shard/s21/nl/2425275/3c15ad55-7971-453e-8da9-7668d1434093 , CrushTesters , 收集帖: 压力测试程序
https://www.evernote.com/shard/s21/nl/2425275/282fb0b7-73be-4b39-90f5-fc7d1075510f , CruxTek , 节点科技 Memo
https://www.evernote.com/shard/s21/nl/2425275/f4101baa-6ac6-48b9-85ab-2e94c76ed825 , CryptDisk , 移动硬盘加密方案实现方法
https://www.evernote.com/shard/s21/nl/2425275/842522bf-b2f2-4a9a-bfe7-bacfc5eba6f0 , Crypto , 加密解密编程
https://www.evernote.com/shard/s21/nl/2425275/35e458a1-d25e-45bb-83ab-b7358c4af4f5 , CSharp , C# language
https://www.evernote.com/shard/s21/nl/2425275/58bdb796-2485-4520-b387-0d98f1d2a844 , CSSID , CSS in Depth 读书笔记
https://www.evernote.com/shard/s21/nl/2425275/a424e311-76fe-4d09-9d6c-496a76b78aed , CUDAERR , CUDA 错误码场景收集
https://www.evernote.com/shard/s21/nl/2425275/a84bf173-e375-45a9-9dfb-db435c29fd44 , CUDA , [CUDA] Nvidia CUDA SDK 主题帖
https://www.evernote.com/shard/s21/nl/2425275/b5ab35fa-2d84-446e-a7d2-41f0066fb304 , CURL , HTTP 超强命令行工具
https://www.evernote.com/shard/s21/nl/2425275/1eb2b0ed-b42f-4ee2-8cdf-af15f826dc00 , Cxx11 , C++11/C++14 新特性小结
https://www.evernote.com/shard/s21/nl/2425275/c76ae1a3-f256-4018-88d8-f03ce85db1dd , CxxExcpt , C++ exception 主题帖
https://www.evernote.com/shard/s21/nl/2425275/662e3b30-a1f2-4b56-bc6b-c99b3e30452f , CxxPrimer3 , C++ Primer 3rd ed (1998)
https://www.evernote.com/shard/s21/nl/2425275/1d6aff46-095f-431d-bcdb-de5972f33860 , CxxSTL , C++ 标准模板库
https://www.evernote.com/shard/s21/nl/2425275/a16f5dea-4e16-4e3b-978d-681d192e33d2 , CxxString , C++ 自己写过的零碎字符串函数
https://www.evernote.com/shard/s21/nl/2425275/813db82a-1a12-4db3-9938-df1132259105 , CxxWindowSubclass , window subclass helper C++ 封装
https://www.evernote.com/shard/s21/nl/2425275/81a35fc0-fceb-41b1-90ac-da7c0114105e , DadFood , 老爹送吃的到公寓
https://www.evernote.com/shard/s21/nl/2425275/f55c779b-d146-49d7-8b4f-ea23186d9a87 , DadHos.202308 , 2023.08 老爹冠心病住院
https://www.evernote.com/shard/s21/nl/2425275/1c6c9c24-3bdc-442c-8bd1-b8bb2c3dc180 , DadLeg2025 , 老爹小腿被切割机割伤 事件记录
https://www.evernote.com/shard/s21/nl/2425275/15dd3ba0-26cd-41d9-b2c4-a32070788e4a , DadMemo , 老爹
https://www.evernote.com/shard/s21/nl/2425275/9990a1c2-37a3-44b6-9469-7aff8c19d0dc , DamnMs , 收集: 吐槽微软
https://www.evernote.com/shard/s21/nl/2425275/8a5ed73c-207f-4361-87bf-e2d4ae079ad3 , Dast2018_WZ , 极客时间: 数据结构讲座-王争
https://www.evernote.com/shard/s21/nl/2425275/ebfc0c57-1180-47fe-bbb0-aa0c19ed72c3 , DataLost , 数据丢失/损坏事件 收集帖
https://www.evernote.com/shard/s21/nl/2425275/96c3f7da-03a2-45fe-9bcb-616a72e4f159 , DeDaoAI , 得到 App 提供的 AI 信息
https://www.evernote.com/shard/s21/nl/2425275/bd8a358b-768d-4b81-a45b-c3c91c92c3f8 , DeDaoApp , 得到 App 收集帖
https://www.evernote.com/shard/s21/nl/2425275/13bc6c56-c420-4f80-94f7-901ef5b51bcb , DeepSeek , 2025.01 突然爆发的国产超级大语言模型
https://www.evernote.com/shard/s21/nl/2425275/56b3b85f-2e31-4ff6-b873-a75fe076dfa1 , DefaultLocales , 
https://www.evernote.com/shard/s21/nl/2425275/ef707797-f188-4065-b955-f8634720ff83 , DefDlgProc , 指 Windows 内部为标准对话框搭配的那个 WndProc
https://www.evernote.com/shard/s21/nl/2425275/e3bcd1b8-307c-4315-b5d0-0762faf77a63 , DefWindowProc , 窗口系统的 default winow procedure 内部做的事
https://www.evernote.com/shard/s21/nl/2425275/fce669b8-7dc1-4847-95a8-9e1c86cc6e67 , demo_clone , TLPI CH28 演示 Linux clone() 的程序
https://www.evernote.com/shard/s21/nl/2425275/03a72d88-4b00-452c-9227-0be258cb1b1e , DemosCxxThrow , 使用 C++ exception 来报错的程序
https://www.evernote.com/shard/s21/nl/2425275/ad2498fa-cfac-4e63-8322-83aa53aea30c , DesignPattern , 设计模式
https://www.evernote.com/shard/s21/nl/2425275/c4a5f7ba-0816-4995-b98b-77c094d9dddb , DesignRational , 合理性设计收集帖
https://www.evernote.com/shard/s21/nl/2425275/ba90658c-59ce-46bc-96f7-4d7623f24d72 , devcon , 
https://www.evernote.com/shard/s21/nl/2425275/aa81f0e2-0922-47c8-98a2-662a081a3588 , DEVINTL2 , Developing International Software, 2nd-ed (2003)
https://www.evernote.com/shard/s21/nl/2425275/611b66b1-8fe8-4e6c-8a77-5dbe8618d0dc , DFL_Druuzil2022 , DeepfaceLab 2022.08 Advanced Training Methods - Druuzil Tech
https://www.evernote.com/shard/s21/nl/2425275/3db5c394-0fe1-4441-a5c0-f00d3d8fb04e , DFL_Druuzil2023 , Druuzil Tech, DeepfaceLab 2023 video tutorial 笔记
https://www.evernote.com/shard/s21/nl/2425275/0a8443b6-df10-4ab9-8a64-a695a2e8375b , DFLguide_vfx , DeepFaceLab 2.0 Guide (DeepfakeVFX.com)
https://www.evernote.com/shard/s21/nl/2425275/1affc898-d518-4163-a813-26451adb7ec4 , DHospital , Decease and Hospital 疾病和医院
https://www.evernote.com/shard/s21/nl/2425275/84e6da2e-21a2-4dd9-b688-e7f9180f89cd , DialogAsMainUI , 我精心准备的 Win32 对话框模板工程
https://www.evernote.com/shard/s21/nl/2425275/9eeb19cf-3cf9-4d15-b739-67a7bd4a48e5 , Dify , 大语言模型开发平台
https://www.evernote.com/shard/s21/nl/2425275/fb0b9b76-20a5-4c07-8688-3dfd5b3c0ec7 , DigClock2 , 两用简易时钟程序(2024)
https://www.evernote.com/shard/s21/nl/2425275/c9323a30-4bb8-4312-8863-a6344c24f6f3 , Digicert , 数字证书相关
https://www.evernote.com/shard/s21/nl/2425275/e2e31ef4-0f3d-46af-8704-d21f9e51e057 , DirectX , DirectX 游戏编程接口 收集帖
https://www.evernote.com/shard/s21/nl/2425275/50ddd0cd-8d7e-4091-a83b-de94194ac4b5 , DirMatchPtn , 表达 文件夹/文件 匹配/不匹配 的各种迷你语言设计
https://www.evernote.com/shard/s21/nl/2425275/2e3ccbbb-3424-4918-a0ff-c0abac056588 , DiskPartTable , 硬盘分区表
https://www.evernote.com/shard/s21/nl/2425275/14fb79bb-4d64-4fdd-b8f9-4164c6c20bc7 , DiskPart , Win7+ diskpart 命令行分区工具
https://www.evernote.com/shard/s21/nl/2425275/1b7e905b-e435-4231-92cc-196bc4344cbd , DiskVolMap , 探测盘符和 \Device\HarddiskVolume1 对应关系的程序
https://www.evernote.com/shard/s21/nl/2425275/3240bdcc-e131-4875-900f-d313fedd53b9 , DISM , Windows WIM 映像操作
https://www.evernote.com/shard/s21/nl/2425275/151f2b40-04f4-4745-9d5c-868741aba988 , DJI_OM6 , DJI 大疆 Osmo Mobile 6 手机云台
https://www.evernote.com/shard/s21/nl/2425275/98ea578d-a080-4d12-8206-c605faba8c67 , DlgBaseUnits , 演示程序对比 GetDialogBaseUnits 和 MapDialogRect
https://www.evernote.com/shard/s21/nl/2425275/638f7dd5-6f97-4f70-8283-f703e7d5b1d3 , DLGR12 , SetDlgMsgResult 12 条特殊消息
https://www.evernote.com/shard/s21/nl/2425275/907782d9-96cf-4353-b486-1ae01a1b2b3e , DlgTooltipEasy , 我自写的 Tooltip 便利性函数库
https://www.evernote.com/shard/s21/nl/2425275/0064d79d-bb5a-4955-8610-24c342052906 , Docker , 著名容器软件
https://www.evernote.com/shard/s21/nl/2425275/291fb876-f97a-4472-a21a-bc120d90b85e , DocScan , 文稿扫描/纸质书籍扫描 收集帖
https://www.evernote.com/shard/s21/nl/2425275/d6d73bb5-2ae1-4164-a522-c7539ba5b591 , DOKRA2 , Docker in Action 2nd-ed (2019) 读书笔记
https://www.evernote.com/shard/s21/nl/2425275/5b26eff4-b26c-40be-af7e-557a001f4da2 , DOSBOX , DOSBOX-x 主题帖
https://www.evernote.com/shard/s21/nl/2425275/25ed1750-962c-4ec1-8032-f1e1646d555c , DoSched , Windows 计划任务最佳实践: DoSched Wrapper
https://www.evernote.com/shard/s21/nl/2425275/fb0bdf25-f1d4-48d5-b62f-ba08be158567 , dotNET , 
https://www.evernote.com/shard/s21/nl/2425275/51824870-0471-4f73-999c-8d396ae0e8b5 , DPI_Scaling , Windows 屏幕 DPI Scaling 话题
https://www.evernote.com/shard/s21/nl/2425275/9881c9fb-f016-40c0-be2e-b713b4bfd0f8 , DPSLOST , DisplayPort / HDMI 线缆拔除/软关机, Windows 重排显示器问题
https://www.evernote.com/shard/s21/nl/2425275/cb125f1d-2da3-4fee-a1fb-322ad0bbde22 , DRG_DIP , 医保政策 DRG/DIP
https://www.evernote.com/shard/s21/nl/2425275/97cfd9c3-26e2-4a25-8870-915a45eb906c , DropInReplace , 软件模块化原则: Drop-in replacement
https://www.evernote.com/shard/s21/nl/2425275/1235ca63-a40f-49ef-a7a3-ab28fe79cc06 , DX9Pipeline , MSPress - DirectX 9 Programmable Graphics Pipeline by Kris Gray (2003)
https://www.evernote.com/shard/s21/nl/2425275/28efac91-2784-431a-af68-4bf8eed76c79 , eBPF , extended Berkeley Packet Filter, Linux 内核钩子扩展
https://www.evernote.com/shard/s21/nl/2425275/6bce9849-f619-491a-96d2-2edac090ed66 , EclipseIDE , 
https://www.evernote.com/shard/s21/nl/2425275/12bc6d31-543b-4fc3-82aa-2e6c2b2c09d1 , Economics , 经济学 主题帖
https://www.evernote.com/shard/s21/nl/2425275/8a110b73-f547-4c56-a66b-adfa0ef3708e , EcoWork , 经济机器是怎样运行的 Ray Dalio
https://www.evernote.com/shard/s21/nl/2425275/5082c312-0d00-4080-b9d8-729f643cfbae , EcoXue , 得到 App，薛兆丰的北大经济学课
https://www.evernote.com/shard/s21/nl/2425275/98647209-6ca6-4c23-bb5c-2ad04d7c9621 , EmbLin2021 , Packt - Mastering Embedded Linux Programming, 3rd-ed
https://www.evernote.com/shard/s21/nl/2425275/eace55aa-14ea-4d9a-9b17-13451082c67a , EmEditor , 
https://www.evernote.com/shard/s21/nl/2425275/19b65c87-cb9d-451e-a83e-a042a80989ce , EN_WakeTimer , Allow wake timers
https://www.evernote.com/shard/s21/nl/2425275/e150f880-9690-4549-b8ee-d2f4efeeb87e , EngPProx , 英语语法 “Principle of Proximity” 就近原则举例
https://www.evernote.com/shard/s21/nl/2425275/ae7f1b57-3000-44a4-8790-7e21d8ad864f , Enneagram , 九型人格 - Helen Palmer
https://www.evernote.com/shard/s21/nl/2425275/a37b1d2e-e4aa-48c1-b2e2-b533ca7fa56d , EnumLocales , 
https://www.evernote.com/shard/s21/nl/2425275/e3af475c-8030-40c4-a778-209a36c81ac8 , EnumWindows1 , 枚举所有 windows 并显示它们的 windows-style
https://www.evernote.com/shard/s21/nl/2425275/b8ba8d42-fd2e-4497-8bf9-da13309ad0a4 , EQSnVAR , 等号与变量的含义
https://www.evernote.com/shard/s21/nl/2425275/a4a51800-7d97-4e77-8916-3db4fbcaa1f9 , Escapes , 收集: 转义符&转义函数, quote/unquote, escape/unescape
https://www.evernote.com/shard/s21/nl/2425275/43f3f1be-b36c-4765-8634-b910aa9f5e67 , Ev6Rescue , Evernote v6 离线使用主题
https://www.evernote.com/shard/s21/nl/2425275/3c0fdb0d-3753-43d9-ab65-d6219b2b24f4 , Eventvwr , 事件查看器
https://www.evernote.com/shard/s21/nl/2425275/bd45a53a-93be-4ee8-a9d7-795c72510205 , Everlink , AmHotkey 模块: 让我能快速插入 Evclip 链接短语
https://www.evernote.com/shard/s21/nl/2425275/8cc83623-11c7-4805-816e-071a1e14210b , EvernotePopupLinks , 
https://www.evernote.com/shard/s21/nl/2425275/b541de60-735a-475f-be07-715f55078704 , Evernote , 
https://www.evernote.com/shard/s21/nl/2425275/dc03d51f-64c5-432d-8e2b-84369487ff7c , Everpic , AmHotkey 模块 - 往 Evernote 中粘贴最节省空间的图片
https://www.evernote.com/shard/s21/nl/2425275/d31c403b-dccc-462f-ab35-064359281df8 , ExplainGUID , GUID 字段解读
https://www.evernote.com/shard/s21/nl/2425275/0a071016-c71b-4f47-86f3-b0d5b6977b1f , ExpressIdea , 有关信息表达, 主题帖
https://www.evernote.com/shard/s21/nl/2425275/f417a060-5edf-413a-9fd2-7467c2a879a0 , EyeCond , 眼睛状况记录 2018-
https://www.evernote.com/shard/s21/nl/2425275/4411a94e-ed1c-4aa7-a3c4-b2f77040cb7f , F12console , Chrome F12 DevTools 网页临时临时调整脚本, 收集帖
https://www.evernote.com/shard/s21/nl/2425275/35558cb5-8cd1-4c54-80ab-3151460ebc68 , Faceswap , 换脸软件 收集帖
https://www.evernote.com/shard/s21/nl/2425275/4bef9280-066b-4ac5-aea9-4b30b1198080 , FastStoneDraw , FastStone 截图/绘图 软件
https://www.evernote.com/shard/s21/nl/2425275/6de5b4e8-0915-48b9-bbd3-d1d295c0ccaf , FENGYUANG , Windows Graphics Programming, Win32 GDI and DirectDraw - Feng Yuan 2000
https://www.evernote.com/shard/s21/nl/2425275/7881d456-18fc-41d1-a28b-18f783a63b53 , FetchV , 2024 一个网页插件形式的视频下载利器
https://www.evernote.com/shard/s21/nl/2425275/9027fb71-b5c0-49a8-b844-7546bcbd9b03 , FFmpeg , 
https://www.evernote.com/shard/s21/nl/2425275/60f84ac4-388e-442f-9747-d15d15f37ad3 , Fiddler , 
https://www.evernote.com/shard/s21/nl/2425275/1591fb68-4cf7-4106-8b9e-1ecaa70ef48a , FLPY , Fluent Python 1st(2015)
https://www.evernote.com/shard/s21/nl/2425275/33540000-5da8-40cb-b094-53d333fe483b , FONTS , 字体相关
https://www.evernote.com/shard/s21/nl/2425275/d769d209-30d7-4dc1-b212-b6a7d585fedf , FoodPrice , 物价记录，食品价格
https://www.evernote.com/shard/s21/nl/2425275/0c9ce4db-9d60-49f4-a98d-e754a000d668 , FoxitCoedit , 让两台机器上的 Foxit Reader/Editor 能协同修改同一个 pdf 文件
https://www.evernote.com/shard/s21/nl/2425275/95006d98-99d5-479b-9197-08c7257c8926 , FoxitEditor , Foxit PDF Editor 技巧/备忘/收集
https://www.evernote.com/shard/s21/nl/2425275/c315679c-9b29-481f-af2c-009352c10002 , Foxit , Foxit PDF Reader/Editor
https://www.evernote.com/shard/s21/nl/2425275/dbaa1143-2a37-4bf8-bb12-6c247b93bce4 , FPNUM , 收集： 有关浮点数
https://www.evernote.com/shard/s21/nl/2425275/ec642d10-005b-4d45-b454-8c3ac8ed0de1 , FreeClipViewer , Free Clipboard Viewer, 很好的 Windows 剪贴板查看器
https://www.evernote.com/shard/s21/nl/2425275/39b15757-a494-4e8b-9000-7ba8da9bf0ae , fsutil_cmd , NTFS fsutil 用例收集
https://www.evernote.com/shard/s21/nl/2425275/e514b880-4f2a-4b1b-95ae-889543441ba7 , GAFX8120 , AMD970+FX8120 台式机 , 机器实例
https://www.evernote.com/shard/s21/nl/2425275/c4f3cb6f-f9ff-4a29-969e-931cb9679dfb , GBChj-P35W , 机器实例
https://www.evernote.com/shard/s21/nl/2425275/f4de0bbc-6d21-4e44-b142-bdce52be0751 , GBDOC , 国标(国家标准) 收集帖
https://www.evernote.com/shard/s21/nl/2425275/1b3a13ad-93dc-473e-8e33-d324240139b4 , GCJ_LiveBdc , 2023.09 购买, 国产直播平民教程带AI换脸
https://www.evernote.com/shard/s21/nl/2425275/268c580b-6016-4166-8e87-a8ba2773c607 , GDB , GNU debugger
https://www.evernote.com/shard/s21/nl/2425275/8086889b-3d9f-44dc-b3ba-157a3505d541 , get_harddisk_lba , 获取硬盘"真实"扇区数的小程序
https://www.evernote.com/shard/s21/nl/2425275/2f276c92-b262-4f0a-9726-7b1cc5a1db9e , GGsearch , Google search 搜索结果历史截图
https://www.evernote.com/shard/s21/nl/2425275/8a0a156c-03c5-4de9-87df-7cb676ce5729 , Github , 
https://www.evernote.com/shard/s21/nl/2425275/4598be0c-34c7-487c-9cb3-0d68f2bcbcab , gitsubmod , Git Submodule
https://www.evernote.com/shard/s21/nl/2425275/b1c9e992-0c29-45a1-a0d9-1f6eb91677ac , Git , 
https://www.evernote.com/shard/s21/nl/2425275/d56e6568-8101-4d27-88c9-6e7f6d600c95 , GMU , GnumakeUniproc
https://www.evernote.com/shard/s21/nl/2425275/b32fe094-dd9c-4fe3-abcc-c9b129316a71 , GnuPG , GNU Privacy Guard / Pretty Good Privacy
https://www.evernote.com/shard/s21/nl/2425275/f9b1a70e-2991-4da4-acb5-df2e109b3cb1 , GoLang , Go 编程语言
https://www.evernote.com/shard/s21/nl/2425275/76e586a9-030c-4cb2-a8d1-8dea1e560991 , GoodWording , 好的表达 与 坏的表达
https://www.evernote.com/shard/s21/nl/2425275/9f1a4310-5972-4316-aeab-6897c3927d29 , GovSites , [GovSites] 国内政府网站 收集帖
https://www.evernote.com/shard/s21/nl/2425275/ea3b518d-1d3f-4cb9-8afc-d100f478cc5c , GPUpthrefs , Linux GPU passthrough 信息收集
https://www.evernote.com/shard/s21/nl/2425275/75710650-3c1c-4ce8-bdf7-24664e933f6b , GRUB , GNU boot loader
https://www.evernote.com/shard/s21/nl/2425275/cb0d01dc-03fe-4093-b291-ce1cae2fff6c , GSXT , 工商局: 国家企业信用信息公示系统
https://www.evernote.com/shard/s21/nl/2425275/7d47913d-f6fa-4a4f-acef-c7f821866220 , GTEST , Google C++ Test Framework
https://www.evernote.com/shard/s21/nl/2425275/54078806-da39-4205-9ae9-330f7e2b24ac , guiSetTimeZone , 设置系统时区的小程序
https://www.evernote.com/shard/s21/nl/2425275/35f98026-8092-466c-83aa-1efbbe89e52c , GYMC , 孤烟暮蝉 活跃的爱国博主 专门调侃西方国家的阴暗面
https://www.evernote.com/shard/s21/nl/2425275/2cc94507-638e-4d39-8722-46b8985c8a13 , Hainan2025 , 2025.01 海南旅游 主帖
https://www.evernote.com/shard/s21/nl/2425275/52a1086f-251e-407e-b2cf-de815b639a70 , Handbrake , 
https://www.evernote.com/shard/s21/nl/2425275/6f3a3c9a-c6c8-4c67-abe8-ba5567b4a995 , hdisk , 我用过的硬盘
https://www.evernote.com/shard/s21/nl/2425275/0f3a64a8-bbc1-4a73-8ed5-dc29798a3f0e , HeapSort , 算法笔记：堆排序(Heap Sort)
https://www.evernote.com/shard/s21/nl/2425275/b5d65ee5-6960-43b4-a7ff-62ca129b35ca , HEXRR , 用一串 hexrr 来表示任意字节流
https://www.evernote.com/shard/s21/nl/2425275/44f5fa81-54e0-40c5-b36d-693aba8e101e , HeXuezhi , 何学智 Memo
https://www.evernote.com/shard/s21/nl/2425275/0d65e40c-8322-4d39-9d40-4f78a7a841e4 , HikvT200N , 海康威视 USB-SSD 使用记录
https://www.evernote.com/shard/s21/nl/2425275/8f339d2e-2b37-4153-b189-4edc4bd0d18b , HOWLW , No Starch - How Linux Works 3rd-ed
https://www.evernote.com/shard/s21/nl/2425275/4ef7054b-3af4-4e2c-90b6-09f66800652a , HsOffline , 自己的技术词汇: 硬断网 vs 软断网
https://www.evernote.com/shard/s21/nl/2425275/88cd0469-7be3-4245-ac1b-6644432d4857 , HTMLCSS , 
https://www.evernote.com/shard/s21/nl/2425275/b8d347a4-dbdc-4833-a5eb-6bc3c085658f , HTMLDOM , 
https://www.evernote.com/shard/s21/nl/2425275/dfe011c6-02e9-4047-82cf-f9d21b3bae12 , HTTPx , HTTP 协议
https://www.evernote.com/shard/s21/nl/2425275/a2132476-539a-4c40-acc2-5408282909ac , HuaiTuDou , 自媒体时局博主"坏土豆联盟"
https://www.evernote.com/shard/s21/nl/2425275/cbad085c-bdba-403e-9b97-9f07a6518b9c , Human3DAtlas , iOS 三维人体软件
https://www.evernote.com/shard/s21/nl/2425275/c2fb64db-4730-4d97-bc4c-13128026f93e , HyperV , 微软 Hyper-V 虚拟机
https://www.evernote.com/shard/s21/nl/2425275/9af52656-23fc-4602-bc19-1860d10064a8 , icacls , Windows 内置 NTFS 权限设置命令行工具
https://www.evernote.com/shard/s21/nl/2425275/7b4c1282-375d-4d95-b237-efc4f12c0de6 , IDA , 著名反汇编器, 主题帖
https://www.evernote.com/shard/s21/nl/2425275/89157ff3-4cee-4e12-830c-53e1cda99007 , IHRA2016 , Working definition of antisemitism 反犹太主义的工作定义
https://www.evernote.com/shard/s21/nl/2425275/7dc611b8-0934-4cf6-bb6a-b1ffc18162d9 , ImageMagicK , 图像处理命令行软件
https://www.evernote.com/shard/s21/nl/2425275/cb6a42d5-0072-496f-80c3-def960d2b8a8 , INDX98 , MSPress -  Inside DirectX 1998
https://www.evernote.com/shard/s21/nl/2425275/cea49e43-0939-4555-bea5-9ab71888a970 , InfoSec , 信息安全
https://www.evernote.com/shard/s21/nl/2425275/0837b749-1f1e-43f4-aa5e-dad728c33fa7 , InfoTidy , 我的信息整理主题帖
https://www.evernote.com/shard/s21/nl/2425275/00920bc3-157c-4ce4-a803-02d14e80af21 , InheritWTF , 精彩辨析: 彻底搞清 继承、施继、受继, 各种 inherit 字眼
https://www.evernote.com/shard/s21/nl/2425275/803cee5a-6ffb-443a-8840-f0de9805b4ba , INSCOM , Inside COM, Dale Rogerson 1997
https://www.evernote.com/shard/s21/nl/2425275/75a7d4db-a6fc-4282-8915-4e64ee8bd14c , Intel-IRST , Intel Rapid Storage Technology 收集帖 (ISRT etc)
https://www.evernote.com/shard/s21/nl/2425275/c4b86fd0-e775-435b-abef-f0fa7bbad240 , InterestRR , 收集: 关于"利率"的一些因果关系, 它们有道理吗?
https://www.evernote.com/shard/s21/nl/2425275/e1b0c386-650a-4549-be85-af07c69c59aa , InterpretConst , 我的 C++ class, 将数值的宏表达展示出来
https://www.evernote.com/shard/s21/nl/2425275/a6043795-a6f4-4c2e-95c8-8739720b3a66 , IntroD3D12 , Introduction to 3D Game Programming with DirectX 12 by Frank Luna (2016)
https://www.evernote.com/shard/s21/nl/2425275/9088be46-7426-4be1-98d7-daf3753c15f5 , iPadmini6 , iPadmini6 使用备忘
https://www.evernote.com/shard/s21/nl/2425275/295abb38-464b-4bd8-b303-5f80106045e3 , iPhone12mini , 2024.09 闲鱼购 iPhone 12 mini 主帖
https://www.evernote.com/shard/s21/nl/2425275/aa2de835-a60b-4c87-8cca-513aca044e38 , IrfanView , 小巧快速的 Win32 看图软件
https://www.evernote.com/shard/s21/nl/2425275/68775c4c-9bd7-4167-a078-05c1c1080e1c , irsync , incremental rsync 功能与实现
https://www.evernote.com/shard/s21/nl/2425275/a6d83ecc-9248-4452-a254-65d8de2252f7 , ISO , ISO 国际标准
https://www.evernote.com/shard/s21/nl/2425275/d8dc0875-0967-4cd1-b690-f4e998e6f107 , iVCam , 虚拟摄像头软件，可将 iPhone/iPad 转化为 PC Camera
https://www.evernote.com/shard/s21/nl/2425275/b30238b9-5578-4e8f-8d99-df88481a3fac , JAutoBuf , Jeffrey AutoBuffer 自增缓冲区模版
https://www.evernote.com/shard/s21/nl/2425275/7b9028e0-39e5-4fc5-abc9-203f1bc6522d , JnsHouse , 金牛山房子
https://www.evernote.com/shard/s21/nl/2425275/c3fdc3b4-0f0e-41cc-9a20-c25322646eca , JSYW , 网络主播: 静思有我 (国际形式大局观)
https://www.evernote.com/shard/s21/nl/2425275/e239f01e-09ed-40d2-8496-4e4536ee23b3 , JULayout , Jeffrey UILayout 对话框控件自动布局函数库
https://www.evernote.com/shard/s21/nl/2425275/1b123cf1-fda6-43d1-8fcc-29cef16b54b9 , K8s , Kubernetes 主题帖
https://www.evernote.com/shard/s21/nl/2425275/8e60fcd0-7edc-4baa-9cf5-5b3a391046fa , KbdHookLL , [KbdHookLL]
https://www.evernote.com/shard/s21/nl/2425275/809e4fe1-1215-4a24-8885-828ca3f741b2 , KbdLayoutList , 演示 HKL 相关的 WinAPI (GetKeyboardLayoutList 等)
https://www.evernote.com/shard/s21/nl/2425275/c52dab83-2205-4c56-9222-0ec9df0c0f01 , Kerb2003 , Kerberos The Definitive Guide (2003) 读书笔记
https://www.evernote.com/shard/s21/nl/2425275/ffc8213c-1f45-47cd-8f9a-68f94cf8f65a , Keyview2 , Windows 键盘消息测试程序, 源于 PRWIN5
https://www.evernote.com/shard/s21/nl/2425275/a06f5833-a8d0-4676-80b2-7d40f7d35dd0 , KishoreMa , 新加坡政治学者 马凯硕 Kishore Mahbubani
https://www.evernote.com/shard/s21/nl/2425275/3ddb44b7-7ac9-44d8-a4ec-85c2d4989d81 , KnowTruth , 普通人很难弄清的真相
https://www.evernote.com/shard/s21/nl/2425275/1796e14d-54a5-47fc-9a9f-52822f8a9c87 , Krita , Photoshop 免费平替
https://www.evernote.com/shard/s21/nl/2425275/41d560e0-3852-4c18-9980-b37de4557518 , Kstn8GTF , 多年前的 Kingston 8GB TF 卡出现坏扇区
https://www.evernote.com/shard/s21/nl/2425275/756db3fb-8b71-4731-a08e-9c17b1861c8f , KWF , Kerio Control
https://www.evernote.com/shard/s21/nl/2425275/c1801a90-1eb0-4f0e-acb9-8be87e545864 , LangMeta , Metaphors we live by George Lakeoff 1980 (我们赖以生存的隐喻)
https://www.evernote.com/shard/s21/nl/2425275/f1cc9f41-9edd-4699-8397-13788748b470 , LDCOM , OReilly - Learning DCOM (1999)
https://www.evernote.com/shard/s21/nl/2425275/5d517f6a-d6d2-4b53-a25a-05ddf88194d4 , LEBPF2023 , Learning eBPF by LizRice (2023) 读书笔记
https://www.evernote.com/shard/s21/nl/2425275/b29fd9e5-cb43-4241-9888-56c80a0c7bed , LeiWei , 雷伟-新大陆同事
https://www.evernote.com/shard/s21/nl/2425275/afa80449-7dbf-487b-8589-833fa881bd84 , LexarAres4TB , Lexar 雷克沙 ARES NVme PCIE-4.0 4TB SSD
https://www.evernote.com/shard/s21/nl/2425275/9d32a825-9c18-46d1-bc36-848935e2b1e5 , LifeDiary , 陈军的生活工作日记
https://www.evernote.com/shard/s21/nl/2425275/89259efb-84ea-4a35-8e22-956631f3a46a , LinRunping , 林润平 Memo
https://www.evernote.com/shard/s21/nl/2425275/898c982e-81c7-4050-9d4c-064c300738c6 , Linso2024Jan , 2024.01 Linux DLL(.so) 实验模板, 基于 getopt
https://www.evernote.com/shard/s21/nl/2425275/d2465379-4a42-4d90-8121-aab4bfcb3fb3 , LinuxApt , Linux apt 备忘(Ubuntu/Debian 软件包管理)
https://www.evernote.com/shard/s21/nl/2425275/559be835-319a-4dac-830c-12e892f2ca1e , LinuxBash , Linux Bash shell 主题帖
https://www.evernote.com/shard/s21/nl/2425275/8ab63fea-b812-4f47-b85f-20b9ebf97079 , LinuxDev , Linux 开发收集帖
https://www.evernote.com/shard/s21/nl/2425275/56051bbc-a0ca-4415-a60a-9d7b0251ce7c , LinuxKernel , Linux 内核开发
https://www.evernote.com/shard/s21/nl/2425275/051671d5-127f-45b1-b2b3-3eef9baee35b , LinuxPs , Linux ps 进程查看命令
https://www.evernote.com/shard/s21/nl/2425275/2dac59cf-f924-4be3-aa2d-93c0276b7a70 , LinuxSession , [LinuxSession] Linux 上的各种 session
https://www.evernote.com/shard/s21/nl/2425275/4fd2a893-995a-4120-ba0b-4108b73bf2d7 , LinuxTerm , Linux Terminal API
https://www.evernote.com/shard/s21/nl/2425275/9322ed82-d494-4bda-b1dc-48a1103eebfa , LinuxUdisks , udisks 磁盘管理工具
https://www.evernote.com/shard/s21/nl/2425275/a73019f6-e1ef-41cd-a2c4-1bf58b23729b , LinuxWeird , 各种 Linux 怪象
https://www.evernote.com/shard/s21/nl/2425275/4c2c5511-be97-434f-a794-05619f6f6ff8 , LinXZ , 林新忠
https://www.evernote.com/shard/s21/nl/2425275/35cde0ec-f2f4-4321-bce9-302bb0a5f5db , ListView , 通用控件 "SysListView32"
https://www.evernote.com/shard/s21/nl/2425275/cacdc873-fbda-4aa0-b4f5-b00883046e39 , LLM_ChjDiary , 看大语言模型对于我私人日记的理解能力有多少
https://www.evernote.com/shard/s21/nl/2425275/09cab69f-b849-4def-853f-f7bb33ef3a7a , LOBPF2019 , OReilly - Linux Observability with BPF (2019) 读书笔记
https://www.evernote.com/shard/s21/nl/2425275/6c9458ef-203c-44cd-9a4c-59f10c65a4a8 , LogonSess5 , 深挖 Logon-session 有关的 ID, 竟然多达 5 种.
https://www.evernote.com/shard/s21/nl/2425275/7b20b4e8-cb75-4923-af40-e22b06642f07 , LuoFeng , [LuoFeng] 罗烽 Memo 2025~
https://www.evernote.com/shard/s21/nl/2425275/4d24d7d2-af10-4885-9f6b-7420fd84e3d1 , MacDev , Apple/Mac/iOS 开发工具
https://www.evernote.com/shard/s21/nl/2425275/a22f63b8-a5bc-435f-bb2a-29d7f91221f7 , MacroEcoq , 经济学/金融学 宏观难题
https://www.evernote.com/shard/s21/nl/2425275/20e1d232-111c-4a61-87c0-fd6a52c43918 , makedeeptree , 压力测试程序: 创建巨量的文件夹
https://www.evernote.com/shard/s21/nl/2425275/f76339c0-2374-4a1e-b9d3-991202eccb6c , MATH , 数学收集帖
https://www.evernote.com/shard/s21/nl/2425275/ecb0845c-126c-4507-bdd5-db86dec7739a , MBI , 我的新名词 message-based interface
https://www.evernote.com/shard/s21/nl/2425275/afb4fc04-aec3-4243-8770-ef3b8a818d50 , MbrPartId , MBR partition scheme, partition ID 列表
https://www.evernote.com/shard/s21/nl/2425275/30be3315-ca07-49a9-ba82-b8439313c152 , MemoFunclet , 自写零碎函数备忘
https://www.evernote.com/shard/s21/nl/2425275/4c69aa2e-3914-4d03-be9f-f857a1499fbe , Metaso , AI 密塔搜索 收集帖
https://www.evernote.com/shard/s21/nl/2425275/ca2ad3a5-9aea-4758-b5cd-9ca474d0c188 , Mi11U , 小米手机 Xiaomi 11 Ultra (M2102K1C)
https://www.evernote.com/shard/s21/nl/2425275/cd24bd65-f5e8-45c0-8bd4-20f4db55ace9 , Mi8 , 小米 8 手机
https://www.evernote.com/shard/s21/nl/2425275/9c1d1aec-6f37-433b-b71e-f7c03665f12b , MiCamC700 , 小米智能摄像机C700 使用记录
https://www.evernote.com/shard/s21/nl/2425275/8175f2b6-47d6-417f-ba4b-2f26bf456078 , Microservice , 微服务架构
https://www.evernote.com/shard/s21/nl/2425275/1184ee73-783a-4205-b667-4d71cdd0ca04 , MiddleStripOff , 给长截图制作断层撕除效果
https://www.evernote.com/shard/s21/nl/2425275/0ec4ab0c-99b2-4b9b-8b71-38c828c4054d , MidWare , 中间物
https://www.evernote.com/shard/s21/nl/2425275/ed3e7d4d-81df-4fb0-87dc-2d7d53ebac1a , MinGW , 生成 Windows 原生应用程序的 gcc port
https://www.evernote.com/shard/s21/nl/2425275/31536f49-170d-4201-aed0-cb33584c41fb , MiPad2 , 小米平板2 (2016)
https://www.evernote.com/shard/s21/nl/2425275/9fcc8ea7-b8ce-4bdb-a625-24f041f108bc , MiPad4 , 小米平板 4 代
https://www.evernote.com/shard/s21/nl/2425275/ec5f7645-d762-4e21-8662-57f4420eef6d , MiWebcam , 小米/米家 摄像头 主题帖
https://www.evernote.com/shard/s21/nl/2425275/4d7f403d-05e5-4693-b1fd-042b7ff60187 , mm_snprintf , 
https://www.evernote.com/shard/s21/nl/2425275/834098fb-d07f-4a68-82be-4800f0d05627 , MoiMeter2 , R&D 球头感应式, 水分测试仪
https://www.evernote.com/shard/s21/nl/2425275/9e6cf18a-7fe6-4547-92d7-5320b218eb41 , MonitorMyWinMove , 将自己的 WM_MOVE, WM_SIZE 消息显示出来
https://www.evernote.com/shard/s21/nl/2425275/a130bbdb-7d4e-498a-b4f4-84f712a62dc9 , MPC-HC , Media Player Classic
https://www.evernote.com/shard/s21/nl/2425275/3b3c7bd2-18ac-4435-bc67-5f0e4db7b9a1 , MSBADCHS , 收集（吐槽）：微软中文翻译问题
https://www.evernote.com/shard/s21/nl/2425275/d62cf3aa-cad3-4c93-9bec-f89d8ac3b15c , MSBUILD2 , Inside.the.Microsoft.Build.Engine.2nd.Edition.Dec.2010
https://www.evernote.com/shard/s21/nl/2425275/84e86720-0394-47c6-9bac-862f8e9f50c3 , MSBuild_Modes , MSBuild 常用模式收集
https://www.evernote.com/shard/s21/nl/2425275/c07f9c0a-b536-4ecb-9254-2d422564da11 , MSBuild , 
https://www.evernote.com/shard/s21/nl/2425275/718144a8-3879-4a58-bddd-b689b2866e2e , MSCOM , 微软组件对象模型
https://www.evernote.com/shard/s21/nl/2425275/f2e98c0e-d255-483e-8a1f-7a0c08719d59 , MSDN_PRs , 收集帖: 我给 MSDN (Microsoft Learn) 提交的 github pull requrests
https://www.evernote.com/shard/s21/nl/2425275/84a68e0e-aff3-4a6b-affa-64cda82c3f6d , MSDNCODE , MSDN 例子程序收集帖
https://www.evernote.com/shard/s21/nl/2425275/3ecebcff-e3bc-4cd8-b0ba-b8ca013386e3 , MSDNERR , MSDN errors
https://www.evernote.com/shard/s21/nl/2425275/2b82c349-33f9-4acc-8a16-98258658b362 , MSDNEX , MSDN Excerpt
https://www.evernote.com/shard/s21/nl/2425275/2f463742-8a19-44a2-a699-233bd7d0b592 , MSDNsupp , 对于 MSDN 含糊主题的补充实验/注解
https://www.evernote.com/shard/s21/nl/2425275/4c95d2fd-c483-44d3-96e9-3cd92fb65e17 , msdnTooltip , 完整可运行的 MSDN tooltip 演示例子
https://www.evernote.com/shard/s21/nl/2425275/78d5ee72-4ae9-4d05-8fbb-3549d4b653cf , MSDNview , MSDN 文档查看器 操作备忘
https://www.evernote.com/shard/s21/nl/2425275/67ce244f-80c4-460e-bbd4-09b4f935aeac , MSFEEDBACK , 微软产品问题反馈
https://www.evernote.com/shard/s21/nl/2425275/e5adc740-88bd-4929-9f57-0416b8237515 , MsMpEng , [MsMpEng] Windows Defender, Win10 自带的杀毒软件
https://www.evernote.com/shard/s21/nl/2425275/f1bc3e72-d9b9-47ee-b91d-eef6ce677c24 , MSSPEC , 微软技术标准(specification)收集帖
https://www.evernote.com/shard/s21/nl/2425275/fb99fd0f-eda4-4dab-81c5-38eef09dbd8c , MSVC-CL , Visual C++ 编译器相关
https://www.evernote.com/shard/s21/nl/2425275/78ffee10-64f6-4cbb-8336-504fd2e9f0f2 , MSVCRT , Visual C++ C Runtime Library
https://www.evernote.com/shard/s21/nl/2425275/a7f5797b-f464-41e7-9098-93f6d3286dd3 , MyNUCs , Intel NUC , 机器实例
https://www.evernote.com/shard/s21/nl/2425275/e3afc836-01d6-42f6-af62-fecfe9154339 , MYPCS , My PCs - 收集帖 , 机器实例
https://www.evernote.com/shard/s21/nl/2425275/c6dca407-074c-49ce-b797-2291325bea8b , MyPrg , 自写程序收集备忘
https://www.evernote.com/shard/s21/nl/2425275/7d2bfa22-fe88-4074-86fe-2a087ee97258 , MySnip_ByDate , 自写函数模块: 时间倒序
https://www.evernote.com/shard/s21/nl/2425275/0adee52f-d8e3-453a-9ea2-3c958ef72c9a , MySnip_ByScene , 自写代码: 按场景分类
https://www.evernote.com/shard/s21/nl/2425275/158b9fb1-4787-44c2-a83e-dbc39e7882d8 , MySnip_Encap , [MySnip_Encap] 我的精彩封装案例
https://www.evernote.com/shard/s21/nl/2425275/9c137c2f-08c5-4429-86c8-88b2f3414a7c , N_m3u8DL , 2024 - 国人用 C# 写的开源 m3u8 视频文件下载器
https://www.evernote.com/shard/s21/nl/2425275/7e033fd3-1797-4f26-8fb8-efac2b79af23 , NamedPipe , Windows Named-pipe API 收集帖
https://www.evernote.com/shard/s21/nl/2425275/2626ae56-a0eb-4c2a-97ae-8c331e8f581e , Naming , 起名难题
https://www.evernote.com/shard/s21/nl/2425275/9cf20d5b-661d-4484-a6db-9b6fdc3f7cad , NBSUS , 深度主播: 内部看美国
https://www.evernote.com/shard/s21/nl/2425275/d732df52-838a-465f-9c0c-806f4e2a4274 , NenlySD , Nenly - Stable Diffusion 教学视频
https://www.evernote.com/shard/s21/nl/2425275/5b37f1a3-f3b9-4b6a-9218-f852eab8bbbf , netcat , Linux 平台精巧的 TCP/UDP 测试工具
https://www.evernote.com/shard/s21/nl/2425275/1fd376b3-d0d0-4cf7-b3f1-23ae7cc3bb87 , NetComment , 收集: 精彩网评
https://www.evernote.com/shard/s21/nl/2425275/7673a0dd-45ee-46f6-9524-b16b1ec07d92 , NiekGptweb , OpenAI ChatGPT Web 前端
https://www.evernote.com/shard/s21/nl/2425275/33044e73-ea7b-40aa-adfb-35bdda0577fb , NirSoft , NirSoft 爆款系列小工具
https://www.evernote.com/shard/s21/nl/2425275/bb772d1e-e18b-4451-87cb-28fc511ca0c8 , NLSBuildEnv , 绿色版编译器集合包
https://www.evernote.com/shard/s21/nl/2425275/5a50db49-4d88-40b2-bd62-5900e72cb71a , NlscanJob , 在 Nlscan (新大陆自动识别公司)的工作期间的事
https://www.evernote.com/shard/s21/nl/2425275/1623509f-e319-46a3-a02b-81eb35068905 , nt5src , Windows XP/2003 泄漏源代码主题帖
https://www.evernote.com/shard/s21/nl/2425275/9028eaaa-d294-4f26-ac84-d23dd28bb5b0 , NT_ACCESS_MASK , NT Security 之 Access Mask 信息收集
https://www.evernote.com/shard/s21/nl/2425275/7dd129ea-a6af-4e5f-af74-28a97dbc10b9 , NtfsDumpSD , 输入一个文件路径, 将它的 Security-descriptor 打印出来
https://www.evernote.com/shard/s21/nl/2425275/bd13ffe5-cdc1-49c5-b93c-8ac20b2a9f9c , NtfsEverything , voidtools Everything, 极速 NTFS 文件名搜索软件
https://www.evernote.com/shard/s21/nl/2425275/a7ac9d5d-a9c1-4e17-bf75-ac80154b5c16 , NTFSexp , 有关 NTFS 权限，可做的实验
https://www.evernote.com/shard/s21/nl/2425275/8ff46d45-fcab-41f5-b51b-1a11cff63326 , NtfsIntroPerm , NTFS volume/partition, 最初的 permission 设定
https://www.evernote.com/shard/s21/nl/2425275/8c65a2a6-a4dc-4807-b420-56b0130fa5b7 , NtfsNullDacl , 将一个 NTFS 文件/目录设为 NULL-DACL 的小程序
https://www.evernote.com/shard/s21/nl/2425275/f7ac980f-e3d1-4f56-a033-7b348ffd2c8b , ntfsSetNamedSecurityInfo1 , SetNamedSecurityInfo 测试程序
https://www.evernote.com/shard/s21/nl/2425275/f78a0e4f-8ef3-4db2-b92a-98c78febcf06 , NTFS , NTFS 文件系统 主题帖
https://www.evernote.com/shard/s21/nl/2425275/c751b326-36b5-4b1e-b6b4-42f3cd4c1ac7 , NtPerms , 主题帖: Windows NT 的权限系统/规则
https://www.evernote.com/shard/s21/nl/2425275/e8000794-60c9-437e-b2ef-da227454f628 , NV-RTX2070 , Nvidia 公版显卡 RTX 2070
https://www.evernote.com/shard/s21/nl/2425275/e405d26b-7995-468d-9fb6-3208f76c96c8 , OBS , Open Broadcast Studio 主题帖
https://www.evernote.com/shard/s21/nl/2425275/a51f6fba-0947-4c3e-84fa-493c82e6f123 , Ollama , LLM 整合框架
https://www.evernote.com/shard/s21/nl/2425275/4ae01365-e13d-4aa0-a7ee-7fff978d7905 , OPCS4 , OReilly - Programming C# 4.0 (2010)
https://www.evernote.com/shard/s21/nl/2425275/570284c1-1427-4fb9-8951-92a5e1c66c18 , OpenAIReg , OpenAI 帐号注册
https://www.evernote.com/shard/s21/nl/2425275/7e0984cc-f630-4204-8f8c-b1f49927ecd9 , OssChina , 收集: 中国的开源开发者/一些国产开源软件
https://www.evernote.com/shard/s21/nl/2425275/c059d4c6-f0a0-4116-b0a8-1595312cf260 , OSS , 开源软件
https://www.evernote.com/shard/s21/nl/2425275/37802e8d-f116-4447-80d7-af89d4ec83ff , ParagonHDM , 德国产 Paragon 硬盘分区软件
https://www.evernote.com/shard/s21/nl/2425275/44097003-60bc-48a4-bf07-522ab9a77bbd , PartiWiz , 新晋硬盘分区工具 Partition Wizard
https://www.evernote.com/shard/s21/nl/2425275/2a830a1d-f674-4aaa-ae22-435e2944ba13 , PASecuApp , 平安证券 App 主题帖
https://www.evernote.com/shard/s21/nl/2425275/0fef82b4-a55b-4d91-96f3-1d8debc4206b , PAWIN4 , Programming Applications for MSWin, Jeffrey Ritchter 1999
https://www.evernote.com/shard/s21/nl/2425275/af5b0cab-efc8-45d0-ada6-3a0e85f13998 , PAWIN5 , Jeffrey Richter, Windows via C/C++ (2008)
https://www.evernote.com/shard/s21/nl/2425275/8456fb4d-ee93-464e-aefa-5cb6cffcc7da , PcMildTick , PC 电脑上的默认硬件定时器精度 15.6ms
https://www.evernote.com/shard/s21/nl/2425275/41a0fc2c-b818-4e16-ab7e-2704dcd18dc5 , PDBSEW , PDB-sewing 主题
https://www.evernote.com/shard/s21/nl/2425275/bc60c234-2469-461e-9383-5e2b5888d5b0 , PdfRead , [PdfRead] PDF 电子书美化/调教
https://www.evernote.com/shard/s21/nl/2425275/25020b57-70c3-442d-b3f8-0b532a973f13 , PDLiChen , B站主播: 灯塔破灯人李晨, 专揭欧美犹太人坏事
https://www.evernote.com/shard/s21/nl/2425275/0f70cb59-bd88-47bf-a114-50c1c01880dd , PEviewer , Windows EXE/DLL PE 文件格式
https://www.evernote.com/shard/s21/nl/2425275/f6ee8bbf-3005-432b-aff0-e5ec68f210c4 , pfSense , 一款开源的软件防火墙 OS, 基于 FreeBSD
https://www.evernote.com/shard/s21/nl/2425275/5742f8a7-15f7-4f6a-89fa-dcfa58ac01de , PickFont , PRWIN5 提供的 Windows 字体展示程序
https://www.evernote.com/shard/s21/nl/2425275/e661b13e-bbd5-4332-a576-22227917bf3e , pidmisc_rawchild , 探查一个新进程的 PGID, SID 的初始值
https://www.evernote.com/shard/s21/nl/2425275/8b41b41e-4cee-47e8-9810-3e979352264d , pidmisc , Linux 测试程序, 查看本进程的 PID, PPID, PGID, SID etc
https://www.evernote.com/shard/s21/nl/2425275/e1ac539d-a8ca-4b2f-9f25-065835995d18 , PlopBoot , PLOP Boot Manager
https://www.evernote.com/shard/s21/nl/2425275/8654e613-eac6-418d-bfe0-c9328f49828d , PLXUSBSSD , Plextor 128GB USB-SSD
https://www.evernote.com/shard/s21/nl/2425275/0bb0a5d7-33df-42a0-8f4c-4c7e60e09938 , PNGTRANS , PNG 透明图片操作
https://www.evernote.com/shard/s21/nl/2425275/23e89b6d-fb2e-4869-8813-67ae10bd8123 , PNY-RTX4060 , 2024: Nvidia 显卡 RTX 4060 Ti 16GB
https://www.evernote.com/shard/s21/nl/2425275/78eea29a-efad-4c3a-8ecb-4d3d1288741a , PowerShell , 
https://www.evernote.com/shard/s21/nl/2425275/9a8d0e8f-ebed-4001-8002-317667d15375 , prints.ahk , 基于命令行窗口的 AHK 信息打印函数/调试输出
https://www.evernote.com/shard/s21/nl/2425275/5518d907-19f0-4134-8e8f-2f95fd2836ae , ProcExp , Process Explorer
https://www.evernote.com/shard/s21/nl/2425275/3f3cfe47-6797-4645-b7bc-060bc8e80173 , ProCMake , Professional CMake - A Practical Guide by Craig Scott (2018)
https://www.evernote.com/shard/s21/nl/2425275/123c35f9-dc47-41d9-9329-70f513c6e447 , Procmon , Process Monitor 主题帖
https://www.evernote.com/shard/s21/nl/2425275/82243165-da77-4906-8fff-aff504379a46 , ProGit , Pro Git 电子书
https://www.evernote.com/shard/s21/nl/2425275/63c25997-16fa-424f-8b3e-ad3170d49a61 , Protohex , 协议字段解读, 辅助标注法
https://www.evernote.com/shard/s21/nl/2425275/148645a9-26a5-4b99-8411-50eef7fbb828 , Proxifier , Windows 内核态代理服务器软件
https://www.evernote.com/shard/s21/nl/2425275/608f2873-aa46-4065-94b5-792b39e3f69d , Prsht , "property sheet" 话题 收集帖
https://www.evernote.com/shard/s21/nl/2425275/584e2e17-ebb0-48fb-a7a7-d4e02643da18 , PRWIN3 , Charles Petzold - Programming Windows 3.1 (1992)
https://www.evernote.com/shard/s21/nl/2425275/3287cab7-94d9-4b3c-a530-0be9421ac1ae , PRWIN5 , Programming Windows 5th-ed, Charles Petzold 1998
https://www.evernote.com/shard/s21/nl/2425275/717b2348-7b5c-4c70-afba-3c8e61ffbca5 , PSSA2000 , Programming Server-side Win2000
https://www.evernote.com/shard/s21/nl/2425275/1c5cadec-076a-497b-941c-3b3d169a5dfd , ptpxinch , pt/px/inch 对应关系
https://www.evernote.com/shard/s21/nl/2425275/b9433778-0c18-4494-a525-4df8159f87c8 , PuTTY , [PuTTY] 著名 Unix Terminal on Windows
https://www.evernote.com/shard/s21/nl/2425275/7f6cc57e-acf7-4bc1-bcbb-24911753eb71 , PWDM2 , MSPress - Programming WDM 2nd-ed, by Walter Oney (2003)
https://www.evernote.com/shard/s21/nl/2425275/4ea55e93-4a7d-453d-b7c3-acd452c13fb1 , PWS2000 , Programming Windows Security (2000) - by Keith Brown
https://www.evernote.com/shard/s21/nl/2425275/0a04735f-9f28-4c1a-8714-6c341356921d , PyCharm , JetBrains Python IDE
https://www.evernote.com/shard/s21/nl/2425275/0470d216-f4cb-411d-ad4b-11ed98707c6b , PYJJ , 拼音加加, 主题帖
https://www.evernote.com/shard/s21/nl/2425275/8d388f88-48cc-4bdd-a629-51aeb797320d , PYL.Click , Python Click (命令行解析库)
https://www.evernote.com/shard/s21/nl/2425275/0267bee5-5b68-413a-9928-eab5be565ddb , PYPIP , Python 软件包管理/pip/virtualenv
https://www.evernote.com/shard/s21/nl/2425275/f538d392-dfb9-411a-99b0-479f12a34030 , pyscreencast , 我自写的屏幕广播程序
https://www.evernote.com/shard/s21/nl/2425275/3371fb35-323b-4667-8d1e-9b9f848a711d , PythonNetProg , 我的 Python 网络测试程序收集
https://www.evernote.com/shard/s21/nl/2425275/7d2237b7-62e2-4a2e-a2b1-4ffd776fb563 , PYTHON , 
https://www.evernote.com/shard/s21/nl/2425275/76bbab84-01bd-4a52-bcb0-5e526f9101a4 , QDir , Q-Dir - The Quad Directory Explorer
https://www.evernote.com/shard/s21/nl/2425275/fe813636-1e19-4761-8bc7-08a5780f0952 , QEMU , 
https://www.evernote.com/shard/s21/nl/2425275/747f61e2-fd1a-430b-b636-795a7786b480 , QiuYouSen , 邱有森--新大陆同事
https://www.evernote.com/shard/s21/nl/2425275/1120df93-9631-44be-b790-087560667204 , QShouseM1 , 2025.06~ 业主维权商议事宜 memo
https://www.evernote.com/shard/s21/nl/2425275/2d4257f3-622e-46ad-b340-ed812e394200 , QSHouse , 群升广场
https://www.evernote.com/shard/s21/nl/2425275/9d22d931-2684-4768-b9f4-a922e2309c6c , QsWaterLeak , 群升公寓漏水事件主题帖, 跟#1516宋建兴斗智
https://www.evernote.com/shard/s21/nl/2425275/6f1b63c4-bb3c-441d-aaf7-0323a531116f , QuadFact , 收集：四象限信息分类 (Quadrant Facts)
https://www.evernote.com/shard/s21/nl/2425275/02573fe7-4e3d-4c1e-a82f-e4586c6785df , QuadroM2000 , [QuadroM2000] Nvidia Quadro M2000 显卡
https://www.evernote.com/shard/s21/nl/2425275/94dbd95e-789b-4ba9-9400-04c5e1473923 , QuickSort , 快速排序算法
https://www.evernote.com/shard/s21/nl/2425275/803ad1b0-9e6e-4f1a-9b62-e76ebb7eeecf , RasPi , Raspberry Pi
https://www.evernote.com/shard/s21/nl/2425275/8c720e88-e9f4-4538-bda1-d65b07be426c , Rational , 有关合理性
https://www.evernote.com/shard/s21/nl/2425275/b3cf5122-d05a-4aff-91d8-ce4f11111eaa , RaymondC , 微软博主 Raymond Chen 文章收集
https://www.evernote.com/shard/s21/nl/2425275/8ba5bcfc-2c2a-45c5-bb1e-5018a18953ee , RecollX , Recoll/Xapian 全文搜索软件
https://www.evernote.com/shard/s21/nl/2425275/892e0ac2-3b3f-4a83-bef8-721ea7eb6527 , RedBlackTree , 红黑树 主题帖
https://www.evernote.com/shard/s21/nl/2425275/59e3fa0f-2398-482e-9d69-52a739c4ef1a , REGEX , 正则表达式
https://www.evernote.com/shard/s21/nl/2425275/b452bc90-9d96-42ae-973e-01d26847afba , RemopContext , 领悟: 涉及远程操作的话题, 每个操作需要有 Context 命名
https://www.evernote.com/shard/s21/nl/2425275/9ae40200-e1ce-46b2-a332-ecd467d3da2a , ResHacker , Resource Hacker, EXE/DLL 现场资源编辑器
https://www.evernote.com/shard/s21/nl/2425275/856ef8b2-e230-4909-9ca4-1a03b58df5e6 , resovled , systemd 自带的那个 resolved DNS 解析器
https://www.evernote.com/shard/s21/nl/2425275/a3dcdc4f-7098-4a55-bebe-5a77e9c97d90 , Rohitab , Windows API monitor
https://www.evernote.com/shard/s21/nl/2425275/ed1d817d-69dc-4e9e-9b99-9dc4c1a699f9 , RPI4a , 树莓派 4, 单板机
https://www.evernote.com/shard/s21/nl/2425275/be57920d-4211-48a2-afbf-299f074f901c , RSTCPv1 , Richard Stevens - TCP/IP Illustrated Vol1, 2nd-ed
https://www.evernote.com/shard/s21/nl/2425275/5c40a7f2-16bb-43df-a871-cd1075b8c04f , RunAsAdmin , Run as Administrator 信息收集
https://www.evernote.com/shard/s21/nl/2425275/4143c35a-fe40-4468-bc54-14ea0978ea5a , RUST , 
https://www.evernote.com/shard/s21/nl/2425275/2df1b0db-cfed-4c53-957b-cc951fc8a1fb , SanDiskNVM2T , Sandisk Extreme NVMe SSD 2TB, 2024.05 购
https://www.evernote.com/shard/s21/nl/2425275/505f1815-9178-4923-b68b-323d36914ffe , Scalacon , C++ 源码管理模型
https://www.evernote.com/shard/s21/nl/2425275/41d37ed1-ef03-4937-a317-747f11d5fce7 , SD-ACL-ACE , WinAPI: SD, ACL, ACE 内存布局结构图
https://www.evernote.com/shard/s21/nl/2425275/5aa6c572-fab5-4aa6-9ecd-c60bc3f85095 , SDiffusion , Stable Diffusion 主题帖
https://www.evernote.com/shard/s21/nl/2425275/0c1b6a69-75b3-429a-a4b2-1694becbaf27 , SDWebuiForge , 第二代 SDWebUI, by lllyasviel
https://www.evernote.com/shard/s21/nl/2425275/3b50c2cf-060a-4f79-822a-2e07803b0b9b , SDWebUI , Stable Diffusion WebUI 主题帖
https://www.evernote.com/shard/s21/nl/2425275/9ef948cd-dddb-41c5-8fcd-d8643c247fd1 , seeLogonSessid , 枚举 Windows 系统上的 Logon Sessions
https://www.evernote.com/shard/s21/nl/2425275/f6ae8a1f-a647-4996-8e64-d595c7009b31 , seeRetBuf , WinAPI 短缓冲区探查程序
https://www.evernote.com/shard/s21/nl/2425275/5e3e4aa0-75fe-40ab-b43d-ac108d1dac83 , setjmp , setjmp/longjmp 主题帖
https://www.evernote.com/shard/s21/nl/2425275/1863e49d-1936-4628-97e9-85fc75ca317e , SetupDi , WinDriver SetupDi 设备安装函数
https://www.evernote.com/shard/s21/nl/2425275/d706877e-fbb2-4032-a4f5-5f51b36bc9db , SF3-2017 , 2017 购 Surface 3 平板电脑
https://www.evernote.com/shard/s21/nl/2425275/b304498c-7298-4f4e-ad43-0451c69a1ec9 , SG5TB , [SG5TB] 在群升公寓用作 Read-only 数据盘的那颗 5TB 希捷叠瓦盘(SMR 硬盘)
https://www.evernote.com/shard/s21/nl/2425275/15efd366-1488-49a4-928b-d13a66f1feab , showargs , 显示命令行拆解结果
https://www.evernote.com/shard/s21/nl/2425275/919adb93-c3e9-4d4c-9353-f440a9a300da , signal_reentrant , 观察 Linux 信号处理程序的重入行为
https://www.evernote.com/shard/s21/nl/2425275/467ef120-f33a-45b3-916f-3a6e98db0525 , SimpleCreateFile , CreateFile GUI 测试程序
https://www.evernote.com/shard/s21/nl/2425275/4205c047-1b8e-4db5-9688-eaf2851d8569 , sleep-print , 往 stdout/stderr 写出受控文本, 可带延时节奏
https://www.evernote.com/shard/s21/nl/2425275/13c06cd1-0a5e-4ad5-a59f-81114a68a0f0 , SMBNET , Samba server
https://www.evernote.com/shard/s21/nl/2425275/150639e8-7be1-44ed-a5c5-b90c8cf12ea1 , snprintf , 经典的 C string formatting 函数库
https://www.evernote.com/shard/s21/nl/2425275/1793f3d1-cb11-43f5-80ff-0b5fdbe0c78c , socat , socat 信息收集与案例
https://www.evernote.com/shard/s21/nl/2425275/7ed4963f-1d8c-4b43-989a-50ee2ed2b806 , SoftDesign , 关于软件设计
https://www.evernote.com/shard/s21/nl/2425275/f31e3197-ba9c-4df6-81bf-03fb83c73a4d , SoftTaste , 第一次尝试某款软件
https://www.evernote.com/shard/s21/nl/2425275/86ba9db5-f49b-4f9f-a2e0-6e8c12b09563 , SpaceDesk , 多显示器扩展软件
https://www.evernote.com/shard/s21/nl/2425275/d9de7ec4-cb0f-42c9-a2c5-2eb901a71d43 , SpeedCommander , 一德国公司的文件管理器
https://www.evernote.com/shard/s21/nl/2425275/b446af9e-7972-4e3a-bae8-e50cba367de7 , SpyEx , WinSpy/Spy++ 增强版软件, 主题帖
https://www.evernote.com/shard/s21/nl/2425275/2cf25675-57a3-44cf-b53c-4020ad6bff80 , SSDMX300 , 2017 镁光 MX300 CT1050 硬盘(SSD)
https://www.evernote.com/shard/s21/nl/2425275/e910d3b7-505a-4988-a243-aeb36720e376 , SshuttleES1 , [SshuttleES1] sshuttle 实验成功
https://www.evernote.com/shard/s21/nl/2425275/367b7107-1609-4edd-83de-6979a4a5a2b7 , SSH , Secure Shell 主题帖
https://www.evernote.com/shard/s21/nl/2425275/9125955c-7f29-4982-b6ab-22bd98a2ff32 , StockMkt , 股票买卖/股票市场 Stock Market
https://www.evernote.com/shard/s21/nl/2425275/bd2128d7-2397-46d9-98fd-eedc905d2dc8 , strace , Linux kernel API tracing
https://www.evernote.com/shard/s21/nl/2425275/4ba78e07-03c4-4efe-892a-704abfab9484 , subexe2 , CreateProcess 细节行为探查程序
https://www.evernote.com/shard/s21/nl/2425275/ca444b3b-65bb-4f5f-8ba2-1dc3a6124099 , SUSE , SUSE/openSUSE Linux
https://www.evernote.com/shard/s21/nl/2425275/1a8f6e07-7afc-4020-af03-0043a303a860 , SVN , Subversion
https://www.evernote.com/shard/s21/nl/2425275/e23bb8d7-86fe-4c4b-91e2-b3c99a42d410 , systemd , Ubuntu Linux 用的 init 进程
https://www.evernote.com/shard/s21/nl/2425275/7a6a65ca-7b6a-4d80-8190-bbbb02b7d204 , SysTrayClock , [SysTrayClock] 话题: 系统托盘中的时钟
https://www.evernote.com/shard/s21/nl/2425275/62f9e0f4-7d7e-4a89-850f-d9d7b3f33327 , szBear , [szBear] Bear : 显示进程消耗各种 Windows 资源的计数
https://www.evernote.com/shard/s21/nl/2425275/311c8dff-93b4-4f8c-b97b-032993d4687f , szDevTeam , the-sz 软件小工具收集
https://www.evernote.com/shard/s21/nl/2425275/a59ec410-ec8a-413b-8a35-ee280bbc41fa , taskschd , Windows 内置计划任务功能
https://www.evernote.com/shard/s21/nl/2425275/db9ca9ec-0999-4e6c-a11a-900eadefafd3 , testQPC , QueryPerformanceFrequency, QueryPerformanceCounter 测试程序
https://www.evernote.com/shard/s21/nl/2425275/3c4cfa8a-69fb-465e-98b2-0994a46fc1eb , TFDC , 听风的蚕军事评书
https://www.evernote.com/shard/s21/nl/2425275/a9416fe2-72d2-44ab-9e59-b297f2276ce4 , ThingRela , 信息分类关系
https://www.evernote.com/shard/s21/nl/2425275/23a51b98-5bfe-4e28-9075-efee3a74a2dc , ThinkPrg , 编程思想
https://www.evernote.com/shard/s21/nl/2425275/58b490a0-38ff-4fa0-a655-8b3ba6af8f03 , ThinkUserPerm , 关于资源与用户访问权限的设计思考
https://www.evernote.com/shard/s21/nl/2425275/aa2566f5-3ad2-499b-bb55-d0f649d627a9 , TimeNaming , 我的各种 时间戳/时间跨度 变量命名
https://www.evernote.com/shard/s21/nl/2425275/769f0ed7-3801-4cdb-8cc3-e321d7e141c7 , timesub , Windows 版的子进程计时程序
https://www.evernote.com/shard/s21/nl/2425275/6ec9a877-7d70-4581-b990-753996a65cb6 , TimingAPI , 收集: OS 上的各种计时函数
https://www.evernote.com/shard/s21/nl/2425275/ac531ecd-2a11-48f1-a316-f31f741d6065 , TipIdeas , 收集：有些小问题的答案，我竟然没想到
https://www.evernote.com/shard/s21/nl/2425275/50c0f9b8-b93e-4549-a84a-73e5b4b7fc32 , TLPI , book - The Linux Programming Interface
https://www.evernote.com/shard/s21/nl/2425275/9c9bc2d0-31a0-41b4-9382-84353b73ecfa , TLS/SSL , 
https://www.evernote.com/shard/s21/nl/2425275/0f469485-5dc2-4155-855b-907ea81787cd , tLsaLookupNames , LsaLookupNames2 测试程序
https://www.evernote.com/shard/s21/nl/2425275/86d8d22c-ef5c-4e8d-b478-20d538916682 , TMUX , Linux 终端复用器软件
https://www.evernote.com/shard/s21/nl/2425275/f297ca74-4311-4fa2-a1e0-ec18964ab169 , Toaster2022 , 
https://www.evernote.com/shard/s21/nl/2425275/2f0287be-ce65-4e1f-bf5e-3ecf488e4a73 , Toaster , WDK Toaster 示例
https://www.evernote.com/shard/s21/nl/2425275/f1070357-a0e1-4ac5-a6d8-bf5030cca28f , TokenMaster , PSSA2000 CH11 的演示程序主帖
https://www.evernote.com/shard/s21/nl/2425275/93504b91-49c7-4ecc-8d86-c095c8798dbc , TotalRecorder , Windows 录音软件(可自身内录)
https://www.evernote.com/shard/s21/nl/2425275/1a725493-a29e-42a8-981e-4f2fdd65ea42 , TrueCrypt , 知名 Windows 开源加密软件
https://www.evernote.com/shard/s21/nl/2425275/292e8a4f-44d0-4ad2-a653-ebf6acf536c0 , TrumpZ_202502 , 特朗普会见泽连斯基谈俄乌战争卖矿协议, 二人爆发争吵
https://www.evernote.com/shard/s21/nl/2425275/8d8fef0c-eb8f-4734-ae55-912fdde40765 , TrusteeMan , PSSA2000 CH9 例子程序, 展示与修改 Trustee 与 Privilege
https://www.evernote.com/shard/s21/nl/2425275/8a73b6b1-9dc9-4c07-b46d-1ee579b4f3d1 , TVREC , 电视录像, 主题帖
https://www.evernote.com/shard/s21/nl/2425275/06e9f4bf-10d0-48cc-a006-2f80f7e4946a , tykd , 天翼快递(海外购物转运公司)
https://www.evernote.com/shard/s21/nl/2425275/12f6924b-285d-4c6b-a3fa-6dc59c4a4035 , UEFI , UEFI 固件规范
https://www.evernote.com/shard/s21/nl/2425275/72790fe5-27f9-4b76-baa3-0a4a80754c65 , UFCOM , 
https://www.evernote.com/shard/s21/nl/2425275/3369e751-0348-45fb-8dd7-92a545f948e4 , UltraISO , 国产光盘镜像软件
https://www.evernote.com/shard/s21/nl/2425275/0b74c1b8-01b3-4266-be10-da6cf8b431d4 , UNICODE , 
https://www.evernote.com/shard/s21/nl/2425275/e6c52045-91ed-4ec4-8309-06b1538b461b , UsbDiskImage , 收集: 给 SD/TF 卡制作全盘镜像/映像的方法
https://www.evernote.com/shard/s21/nl/2425275/756903ef-1ae6-4746-9640-ce3a053aefd6 , UseApple , 苹果产品 主题帖
https://www.evernote.com/shard/s21/nl/2425275/14c822c3-420c-4f44-ae7d-3dcea5ab74fa , UseGcc , GNU compiler GCC
https://www.evernote.com/shard/s21/nl/2425275/23937986-32e8-41b9-ac4b-b1e86b73888a , UseiPad , iOS, iPad, iPhone 日常使用
https://www.evernote.com/shard/s21/nl/2425275/586c101e-dbdb-44d0-b9f5-82ebffb7c8de , UseLinux , Linux 日常使用
https://www.evernote.com/shard/s21/nl/2425275/c49d7832-48ea-4d3c-a35b-eba73e1169c0 , UseMac , macOS 日常使用
https://www.evernote.com/shard/s21/nl/2425275/ca444b3b-65bb-4f5f-8ba2-1dc3a6124099 , UseSuse , SUSE Linux 日常使用
https://www.evernote.com/shard/s21/nl/2425275/7c4171eb-f893-48c6-8958-ab836d9ea125 , UseUbuntu , Ubuntu Linux 日常使用
https://www.evernote.com/shard/s21/nl/2425275/82db2908-ba28-48f4-a7f2-7cdb93372849 , UTF8ACP , 
https://www.evernote.com/shard/s21/nl/2425275/d0bf26e8-3b18-4890-81c7-bcef9656e8e2 , UTi160S , 优利德入门款红外热像仪
https://www.evernote.com/shard/s21/nl/2425275/34081a3f-31ec-46c3-9765-ec329c782246 , VcGccDiff , 收集 MSVC 和 gcc 的行为差异
https://www.evernote.com/shard/s21/nl/2425275/61aadf62-3e78-4cb5-aedc-3cf6608a259c , Vcx64WalkStk , 调查与实验记录: MSVC x64 程序的 callstack 如何回溯
https://www.evernote.com/shard/s21/nl/2425275/d43a0466-9fb2-4660-b4a1-2ac17f274355 , VecDraw , 矢量绘图软件
https://www.evernote.com/shard/s21/nl/2425275/92cd516b-bea8-4dd6-b2d3-533269b4ef25 , VectorMath , 向量数学 收集帖
https://www.evernote.com/shard/s21/nl/2425275/66a2acec-5d85-4be7-a714-f9d85fa11679 , VirtualBox , 
https://www.evernote.com/shard/s21/nl/2425275/d23c9a16-ab6e-4922-b13b-fe97b1782541 , VirtualVT , 虚拟机的 Virtual VT-x/AMD-V 设置项
https://www.evernote.com/shard/s21/nl/2425275/cf0e675d-f52f-4bf9-a9d8-15419fdff7fe , VisualAssist , WholeTomatos 代码辅助工具
https://www.evernote.com/shard/s21/nl/2425275/482e794b-7dde-4653-bd68-f16c100e3b60 , VisualDDK , 
https://www.evernote.com/shard/s21/nl/2425275/9456b827-3767-4b42-bb99-2c57379a1349 , VisualStyle , WinXP+ CommCtrl 6.0 Visual Style 主题帖
https://www.evernote.com/shard/s21/nl/2425275/01654f18-5c3c-4a70-8686-5623a68d80e7 , VLOGERs , 收集各式风格的网络视频主播
https://www.evernote.com/shard/s21/nl/2425275/43fa8d22-f425-4d80-9cf5-7c6a2bcbd908 , VmctlAhk , vmware-control.ahk 虚拟机控制脚本
https://www.evernote.com/shard/s21/nl/2425275/48d63bb5-3537-433f-a74e-caa56cfbde0e , VmHwver , 注意: HWver 纸面版本跟内部数值 virtualHW.version 是错位的
https://www.evernote.com/shard/s21/nl/2425275/7b769e8c-0fd6-4342-9147-8738e9188196 , VMwks , VMware Workstation
https://www.evernote.com/shard/s21/nl/2425275/48d63bb5-3537-433f-a74e-caa56cfbde0e , vmxHver , VMware Workstation 虚拟机的硬件版本号
https://www.evernote.com/shard/s21/nl/2425275/a9dc1dbf-060a-4c67-beb3-a0ff1dbc23e7 , VSDskill , Video-site Download skill, 各视频网站下载手段收集
https://www.evernote.com/shard/s21/nl/2425275/007b0ed3-0d1d-4ea6-9f5e-7576f7fa0e7a , VsideBUG , 收集: Visual Studio bug
https://www.evernote.com/shard/s21/nl/2425275/850c9be2-7b91-4d85-965e-646923bc22c1 , VSIDE , Visual Studio IDE
https://www.evernote.com/shard/s21/nl/2425275/f2220220-f115-4353-b53d-a020c9d7f8d8 , VSLinux , 
https://www.evernote.com/shard/s21/nl/2425275/da9d849a-9867-455e-beaf-827aa83f8063 , VSMOBDEV , Visual Studio Mobile Dev
https://www.evernote.com/shard/s21/nl/2425275/8c1a47a1-5577-4cec-86d0-06a48ef2193e , VSPG , Visual Studio 构建前后批处理通用框架
https://www.evernote.com/shard/s21/nl/2425275/505c20ee-060a-4498-bf30-85978f977a6e , VSRCEditor , 该词表示 VSIDE 自带的 .rc 可视化编辑器
https://www.evernote.com/shard/s21/nl/2425275/f423db4d-e595-4871-b649-b57b820d6538 , WeakRef , Weak reference / Weak pointer 收集帖
https://www.evernote.com/shard/s21/nl/2425275/5d1fb902-bd9f-48f5-afcb-65db3718376c , WEBSOCK15 , WebSocket - Andrew Lombardi - OReilly 2015
https://www.evernote.com/shard/s21/nl/2425275/03e17e82-e1fe-4203-b469-faf81a7dbe4a , WebWidthTweak , 收集帖: 调整常用网页的显示栏宽
https://www.evernote.com/shard/s21/nl/2425275/1470f024-0f3b-4087-8738-673f4e9dd5d5 , WechatPost , 我的微信朋友圈发帖
https://www.evernote.com/shard/s21/nl/2425275/f759c218-29f5-43fb-b2b1-5b437f25a3d7 , WeChat , 微信 主题帖
https://www.evernote.com/shard/s21/nl/2425275/6983d4ab-a820-4a4b-9be1-0eb859b6a9e6 , WEDMIN , Word Editing Distance Min 算法演示程序, 过程记录
https://www.evernote.com/shard/s21/nl/2425275/293985bc-42e4-4ad5-95d4-26602a79d081 , wget , 老牌的 http/web request 命令行工具
https://www.evernote.com/shard/s21/nl/2425275/a729d792-9b41-4337-aa20-3bae4ceeb9ce , Whisper , 离线听写/语音识别软件 主题帖
https://www.evernote.com/shard/s21/nl/2425275/5f94596d-8bf3-4a8b-9565-ee13361b62c0 , WHQL , 
https://www.evernote.com/shard/s21/nl/2425275/ea14d68a-9c85-46b1-87fe-8643224f7429 , WI6 , Windows Internals 6th 读书笔记
https://www.evernote.com/shard/s21/nl/2425275/397dede7-1823-42eb-bd37-40ad1f9bd0f2 , Win10Memo , Win10/11 相关话题
https://www.evernote.com/shard/s21/nl/2425275/cf1a1965-9586-4361-bce9-7e28ace3258c , Win10Terminal , 
https://www.evernote.com/shard/s21/nl/2425275/d6d56ec4-ef76-438a-95f8-40c6c68b2acd , Win10vers , Windows 10 两套版本号对照
https://www.evernote.com/shard/s21/nl/2425275/7e850d61-28f6-4427-940c-93a284e44c82 , Win10vwork , 机器实例
https://www.evernote.com/shard/s21/nl/2425275/cc6deee7-0d6a-4f4b-a0cd-49c0a03c94fa , Win10WSL , Windows Subsystem for Linux
https://www.evernote.com/shard/s21/nl/2425275/eee88f4b-29d8-4d90-a081-c3b4d6aeab70 , Win11Memo , 
https://www.evernote.com/shard/s21/nl/2425275/191eab3e-56e9-4685-a715-3e39cdd7352e , Win7Evn , 我的 Win7 Evernote VM
https://www.evernote.com/shard/s21/nl/2425275/8d4b7cbe-73f5-404b-b8b6-74025c7f8b78 , WinAPI_winrc , Windows .rc/.res 资源文件相关
https://www.evernote.com/shard/s21/nl/2425275/0cdc70d3-7473-4070-bf6f-a33f7f387a14 , WinapiPatch , 那些需要打补丁的 Windows API 函数
https://www.evernote.com/shard/s21/nl/2425275/08cea251-4484-4a3d-afd0-22ae81f0bc47 , WinAPI , Windows API , 相关
https://www.evernote.com/shard/s21/nl/2425275/7fd2485c-1646-4e11-b0ae-0a8d8a4c98cd , WinBug , Windows bug 收集帖
https://www.evernote.com/shard/s21/nl/2425275/17e84984-240b-41a7-90a5-3d47181d46a4 , WinCmdLine , 命令行拆解
https://www.evernote.com/shard/s21/nl/2425275/3ca47cd8-735d-43b2-b64a-8e9143146865 , WinConsole , 命令行控制台相关
https://www.evernote.com/shard/s21/nl/2425275/75c2ea1d-e961-49a2-a417-3e359be85c99 , WinDBG , 
https://www.evernote.com/shard/s21/nl/2425275/e8c6be6b-bd50-48b0-a52f-49a5a94d1733 , Windev , Windows 编程收集备忘
https://www.evernote.com/shard/s21/nl/2425275/5a63dbcd-0f40-465c-b54a-1abbba0a11e7 , WindowsAD , Windows Active Directory 主题帖
https://www.evernote.com/shard/s21/nl/2425275/202a4016-438f-4d80-9cbf-3c46b4f061b7 , WindowsX_h , WindowsX.h message cracker 主帖
https://www.evernote.com/shard/s21/nl/2425275/c8739fb7-56df-470c-8558-7d805c6d5fed , WinDrvInf , 关于 Windows driver inf 文件
https://www.evernote.com/shard/s21/nl/2425275/5dd911c7-6bae-44e0-8726-05f1a5644e61 , WinDrv , Windows Driver 主帖
https://www.evernote.com/shard/s21/nl/2425275/1c7b6f3b-315d-4d0d-ab8f-af892ef2ae9f , WinFirewall , Windows 防火墙 memo
https://www.evernote.com/shard/s21/nl/2425275/ee552f1d-8e4b-4051-8039-9ab7ee52c8f9 , WINFONTC , Windows Fonts and Charset
https://www.evernote.com/shard/s21/nl/2425275/4586fb5e-4414-4e81-8ea8-75bf28d9d666 , WinGUI , Windows UI 编程
https://www.evernote.com/shard/s21/nl/2425275/450dbd40-8891-485c-b92e-983b859197e2 , WinHwGPU , Win10 系统设置: Hardware-accelerated GPU scheduling
https://www.evernote.com/shard/s21/nl/2425275/42c51e92-0b42-49d9-a5dc-bdfcab8d6a39 , WinKeys , [WinKeys] Windows 序列号/激活
https://www.evernote.com/shard/s21/nl/2425275/68b7db39-ecb5-4128-9e53-7263292885c2 , WinLocale , 
https://www.evernote.com/shard/s21/nl/2425275/b86653d1-f665-48db-a87e-f651ab52f009 , WinMgmt , Windows 系统管理
https://www.evernote.com/shard/s21/nl/2425275/a56322fb-1dc6-4f88-b939-f5c5a90e51ff , WinMisc , 杂类 Windows 编程
https://www.evernote.com/shard/s21/nl/2425275/323c1e39-02ae-47fe-ae65-8f2c7b149d77 , WinMultiMon , Windows 多显示器问题/多屏显示
https://www.evernote.com/shard/s21/nl/2425275/97a3e1ae-481a-4887-a702-876091ddb7af , WinObjEx64 , WinObj 的超级增强版
https://www.evernote.com/shard/s21/nl/2425275/acaf25c1-c4bf-468c-ad9d-0f212e8af7ea , WinObj , WinObjEx64 等内核对象查看工具
https://www.evernote.com/shard/s21/nl/2425275/6d1f779e-5f7a-4e45-824d-5c0836010716 , WinPAE , Windows Server, PAE 主题帖
https://www.evernote.com/shard/s21/nl/2425275/7dd94f40-6dcd-43d2-b0d3-eed6fb3030ed , WinPE , 
https://www.evernote.com/shard/s21/nl/2425275/71250470-508d-442f-b3c0-498cd8329dd8 , WinPriva , Windows 上可以设置权限的对象(NTFS etc)
https://www.evernote.com/shard/s21/nl/2425275/76a38698-91fc-4ce6-9d3b-48b19f23fde0 , WinPrivs , WinNT Privilege 和 Account right 符号和描述
https://www.evernote.com/shard/s21/nl/2425275/ec0f843a-d2b2-4de8-bca5-e46408d745b0 , WinProN , Windows 10 N / Windows 11N 闹出的麻烦
https://www.evernote.com/shard/s21/nl/2425275/c0a9ab2e-bebe-45b8-a2f2-61effca286fa , WinPwrcfg , Windows 睡眠/休眠/唤醒
https://www.evernote.com/shard/s21/nl/2425275/61130b53-504e-45f2-8bca-834e32261fae , WinRegKeys , Windows 注册表项收集
https://www.evernote.com/shard/s21/nl/2425275/7c40bc6c-fda6-40d1-8b84-d9f851f8a88b , winreg , Windows 注册表相关笔记
https://www.evernote.com/shard/s21/nl/2425275/5622a161-f0dd-40c4-a048-4bc10f13b9e2 , WinSDV2022 , Windows static driver verifier
https://www.evernote.com/shard/s21/nl/2425275/69f3dcbe-21a5-4de7-b7d7-c2a8cd52d9ed , WinSecuAPI , WinNT Security API
https://www.evernote.com/shard/s21/nl/2425275/24f29a96-66ee-4aa6-8c87-9624f7906105 , WinSecuDemos , Windows security 相关自写测试程序列表
https://www.evernote.com/shard/s21/nl/2425275/98f6f002-b58e-4130-84be-fdba078a9b96 , WinService , Windows Service (后台常驻服务程序) 主题帖
https://www.evernote.com/shard/s21/nl/2425275/884b53a4-463d-4e2f-a15c-6c8f2927bdab , WinSess0 , 关于 WinNT 的 Session 0 (特殊桌面)
https://www.evernote.com/shard/s21/nl/2425275/cc32697c-5575-4180-b6ec-9f8e968da3a9 , WinStyle , WinGUI window style 收集帖
https://www.evernote.com/shard/s21/nl/2425275/06e2eb0e-2d37-48f5-9df6-bf287eb30f03 , WinsvrMgmt , Windows Server 管理
https://www.evernote.com/shard/s21/nl/2425275/2ac2cfbf-7b14-43c4-92bb-ad1f8d787703 , WinSymLink , 关于 Windows/NTFS 软链接, 硬链接
https://www.evernote.com/shard/s21/nl/2425275/b60a8772-afb4-4cb3-9728-00d230fa7c09 , WinToGo , Windows-To-Go
https://www.evernote.com/shard/s21/nl/2425275/a7c6edc9-6222-4dec-aa74-95f2753423b2 , WinTooltip , WinGUI tooltip control 主题帖
https://www.evernote.com/shard/s21/nl/2425275/86797a71-55a1-4476-9190-b5480e8bbf9b , WinUpdate , Windows Update
https://www.evernote.com/shard/s21/nl/2425275/5affa6e0-ff54-47ac-987d-b2e514748502 , WinVss , Volume Shadow copy Service 主题帖/收集帖
https://www.evernote.com/shard/s21/nl/2425275/0bb453f4-20a9-4b84-bb25-cf19121dcd3e , WireGuard , 加密隧道软件
https://www.evernote.com/shard/s21/nl/2425275/3d7c2a87-5524-483d-afab-b8490ed20440 , WirelessDisplay , 无线显示 收集贴
https://www.evernote.com/shard/s21/nl/2425275/23cbec45-a27b-406c-9917-b272bb2a4fc3 , Wireshark , 
https://www.evernote.com/shard/s21/nl/2425275/3b7b2945-6b01-4767-98ef-d0be848e3182 , WisEBPF2022 , What is eBPF, free book 2022, by Liz Rice
https://www.evernote.com/shard/s21/nl/2425275/d161f137-ad44-49f4-8bcb-45fac78e466a , WizTreeSum , 捣鼓出一种方法, 获知一个软件安装后磁盘空间消耗在哪个文件夹
https://www.evernote.com/shard/s21/nl/2425275/f6ae8a1f-a647-4996-8e64-d595c7009b31 , WRetOverflow , 收集 WinAPI 返回/获取字符串，缓冲区太小时的行为
https://www.evernote.com/shard/s21/nl/2425275/846ad67d-3ce9-4c1e-9d9f-a390164de725 , WSWP2012 , Web Security - A WhiteHat Perspective (2015)
https://www.evernote.com/shard/s21/nl/2425275/39ade466-b668-4bdb-90db-a1bca61ad6a9 , WukongBM , 电子游戏《黑神话悟空 》收集帖
https://www.evernote.com/shard/s21/nl/2425275/a8cd0479-6ac2-4b8d-ac7a-1f9619202dde , WuXing , 吴星
https://www.evernote.com/shard/s21/nl/2425275/7c1d2f0d-50e2-416b-bd3c-2699afe3e927 , X570UD , 技嘉 Gigabyte X570-UD 主板, 2020.07 购
https://www.evernote.com/shard/s21/nl/2425275/5f69d6ef-f047-4310-805e-3aa33bb7e6df , x64deepdive , [CodeMachine.com] X64 Deep Dive (大量自注)
https://www.evernote.com/shard/s21/nl/2425275/efa86a95-147c-4343-a321-f765cbfc6b87 , XiaomiH300 , 米家 H300 电吹风机
https://www.evernote.com/shard/s21/nl/2425275/e87ef56b-1a3a-431e-a368-3eeedac25ce7 , XiaoMi , [XiaoMi] 小米手机/家电主题帖
https://www.evernote.com/shard/s21/nl/2425275/53d8fdbc-30e9-4417-b076-f5645e7a6911 , XML , [XML] XML 标记语言
https://www.evernote.com/shard/s21/nl/2425275/7835814f-422c-4eb2-97b4-e8bef0ee80a8 , XWindow , Unix X Window 远程显示协议
https://www.evernote.com/shard/s21/nl/2425275/b9219a0f-309a-4275-84f4-83b89271854e , XYLL , 心医林霖说--狂扒英美日韩黑幕主播
https://www.evernote.com/shard/s21/nl/2425275/98e63670-7061-4f81-8b54-4b38184c6904 , YaoXiuying , 姚秀英(姨妈) Memo
https://www.evernote.com/shard/s21/nl/2425275/6ee9c8c2-bcfa-403b-bbcd-af2c67c42fe7 , YiCam , [YiCam] 小蚁智能摄像头 & 米家摄像头
https://www.evernote.com/shard/s21/nl/2425275/5c60d07e-4854-4919-916c-d085bafa5e5d , YiSportCam , 小蚁运动相机2016
https://www.evernote.com/shard/s21/nl/2425275/7164e757-c616-4248-b7f3-0b453367ff7f , YOGA900 , 联想 2017 Yoga 900 笔记本电脑 , 机器实例
https://www.evernote.com/shard/s21/nl/2425275/7f393597-2326-49c2-9ff8-310f24da63f0 , YongHui , 永辉超市 主题帖
https://www.evernote.com/shard/s21/nl/2425275/daa5a7b4-2cc5-4c39-8027-802ae9ea244a , YouTubeDown , Youtube 视频下载方法收集/历史
https://www.evernote.com/shard/s21/nl/2425275/b5bb9f9e-15fd-4c85-937a-517f9755b587 , YouYouYou , 
https://www.evernote.com/shard/s21/nl/2425275/e406256d-9043-4546-8cc8-f40488c6c434 , YuKaibin 俞开斌-新大陆同事 , 
https://www.evernote.com/shard/s21/nl/2425275/a57191ae-9ec5-4253-861d-0e73f7be4a7e , ZEFU , 福州正孚软件 Memo
https://www.evernote.com/shard/s21/nl/2425275/04bde4c6-d4d3-41a3-b9a1-f73bdacdef5c , ZGZWW , 这就是中国-张维为解读现代中国演讲秀
https://www.evernote.com/shard/s21/nl/2425275/326e3905-ea87-4694-a54c-8ea3ede4b349 , Zhihu_WinLocale , 
https://www.evernote.com/shard/s21/nl/2425275/da0cf27c-b246-4065-b9a1-317255321f9e , ZhihuLLM , 2024.03, 知乎 LLM (大语言模型) 网课
https://www.evernote.com/shard/s21/nl/2425275/f12b2a42-e986-4e21-a2d4-daa69da7f3d3 , ZhihuPost , 我的知乎发帖
https://www.evernote.com/shard/s21/nl/2425275/29d1acbc-88a1-40e8-a486-59ca392d33fe , ZHITAI-TiPlus5000 , 2022 致钛 NVme M.2 SSD 硬盘
https://www.evernote.com/shard/s21/nl/2425275/ff26aa2e-c026-4d7e-8eef-0c07a035a9b3 , ZipSoft , zip 压缩软件 主题帖
https://www.evernote.com/shard/s21/nl/2425275/5cfb0da8-4f25-4300-9749-fa1c196c9ad3 , 歧义 , 歧义收集帖
